dataset_id,subset,domain,n_records,n_unique_ids,mean,median,sd,p10,p90,domain_rank,model,run_id
A1,full,ALL,51230,51230,60.94713054317868,61.035716375354212,8.5940849594898712,49.842983035990571,72.053385057112735,,TOPSIS_CRITIC,q1-critic-topsis-20260924-r01
A1,full,arxiv,1419,1419,63.862359595226806,64.405653734340603,5.6028494851220048,56.906174482532123,70.651443264974063,3,TOPSIS_CRITIC,q1-critic-topsis-20260924-r01
A1,full,book,171,171,56.032520480791618,55.477675739252255,4.793530056477266,49.598163803233597,62.387529669959278,6,TOPSIS_CRITIC,q1-critic-topsis-20260924-r01
A1,full,c4,10000,10000,66.002112661878627,66.911227190765203,8.8246313753386261,53.625345557942289,76.617331295351079,1,TOPSIS_CRITIC,q1-critic-topsis-20260924-r01
A1,full,commoncrawl,9640,9640,64.335709953563565,65.084162425509632,7.2241902535951779,54.696296549653923,72.906316087931216,2,TOPSIS_CRITIC,q1-critic-topsis-20260924-r01
A1,full,github,10000,10000,51.701407532414713,51.938064102872389,5.7047356160229059,44.435631057928731,58.417488464301094,7,TOPSIS_CRITIC,q1-critic-topsis-20260924-r01
A1,full,stackexchange,10000,10000,61.387873335966582,61.410510310038923,5.9646170002418675,53.874201198766578,68.855801624065435,4,TOPSIS_CRITIC,q1-critic-topsis-20260924-r01
A1,full,wikipedia,10000,10000,61.100906920424919,60.818230990289933,7.3010067009734021,52.359561219924586,70.726557239647448,5,TOPSIS_CRITIC,q1-critic-topsis-20260924-r01
A1,fit,ALL,40919,40919,60.924490838141423,60.998211246986124,8.5945548358534456,49.829699726764652,72.02487225767193,,TOPSIS_CRITIC,q1-critic-topsis-20260924-r01
A1,fit,arxiv,1146,1146,63.882791428867343,64.415310035807295,5.597645443598771,56.965470840198783,70.582333882823207,3,TOPSIS_CRITIC,q1-critic-topsis-20260924-r01
A1,fit,book,135,135,56.199863613271518,55.384786621425036,4.7791610783610468,50.202337581600005,62.438716209323829,6,TOPSIS_CRITIC,q1-critic-topsis-20260924-r01
A1,fit,c4,7944,7944,65.998656080583032,66.879782423246411,8.7874912342600577,53.743200572469718,76.56621399550977,1,TOPSIS_CRITIC,q1-critic-topsis-20260924-r01
A1,fit,commoncrawl,7676,7676,64.289095117023308,65.012629508863952,7.2244509704606665,54.68280379600489,72.835969509199032,2,TOPSIS_CRITIC,q1-critic-topsis-20260924-r01
A1,fit,github,8001,8001,51.670228516253246,51.937027203781177,5.7346726461020632,44.334700144106215,58.415256205620295,7,TOPSIS_CRITIC,q1-critic-topsis-20260924-r01
A1,fit,stackexchange,7957,7957,61.379004188282508,61.438592194587983,5.9779984309935292,53.859811144668058,68.836419791530574,4,TOPSIS_CRITIC,q1-critic-topsis-20260924-r01
A1,fit,wikipedia,8060,8060,61.115375599690651,60.735736099513005,7.3092173170198897,52.379482895734263,70.713391002821638,5,TOPSIS_CRITIC,q1-critic-topsis-20260924-r01
A1,holdout,ALL,10311,10311,61.036975765797166,61.180665998744196,8.5920485876892183,49.898608245704573,72.164539804852183,,TOPSIS_CRITIC,q1-critic-topsis-20260924-r01
A1,holdout,arxiv,273,273,63.776590799065438,64.369630998920655,5.6341421474979638,56.386386194255756,71.036663012340398,3,TOPSIS_CRITIC,q1-critic-topsis-20260924-r01
A1,holdout,book,36,36,55.404983733991969,55.850926690805039,4.862920281538079,48.907177809493874,61.395266579658539,6,TOPSIS_CRITIC,q1-critic-topsis-20260924-r01
A1,holdout,c4,2056,2056,66.015468246417612,66.999890537968241,8.9688397025313176,53.150818642576525,76.83339558899678,1,TOPSIS_CRITIC,q1-critic-topsis-20260924-r01
A1,holdout,commoncrawl,1964,1964,64.517897064196475,65.378681009588689,7.2221241178922497,54.756640358871266,73.033714368707834,2,TOPSIS_CRITIC,q1-critic-topsis-20260924-r01
A1,holdout,github,1999,1999,51.826201583594234,51.953118199032119,5.5829744431182426,44.889971302695272,58.444584029716005,7,TOPSIS_CRITIC,q1-critic-topsis-20260924-r01
A1,holdout,stackexchange,2043,2043,61.422416560696036,61.270953686342281,5.9135380541487379,53.99172823712901,68.886793974037644,4,TOPSIS_CRITIC,q1-critic-topsis-20260924-r01
A1,holdout,wikipedia,1940,1940,61.040794778733286,61.115554085712134,7.2683645247984492,52.238988426194631,70.726557239647448,5,TOPSIS_CRITIC,q1-critic-topsis-20260924-r01
A2,full,ALL,17523,17523,63.504958911768838,63.767158013773944,5.4920014497301262,56.692645104158366,70.367824093611972,,TOPSIS_CRITIC,q1-critic-topsis-20260924-r01
A2,full,arxiv,17523,17523,63.504958911768838,63.767158013773944,5.4920014497301262,56.692645104158366,70.367824093611972,1,TOPSIS_CRITIC,q1-critic-topsis-20260924-r01
A2,overlap_A1,ALL,1419,1419,63.862359595226806,64.405653734340603,5.6028494851220048,56.906174482532123,70.651443264974063,,TOPSIS_CRITIC,q1-critic-topsis-20260924-r01
A2,overlap_A1,arxiv,1419,1419,63.862359595226806,64.405653734340603,5.6028494851220048,56.906174482532123,70.651443264974063,1,TOPSIS_CRITIC,q1-critic-topsis-20260924-r01
A2,new_only,ALL,16104,16104,63.473466638431347,63.704456784709933,5.4811866865427943,56.682858649086306,70.329682887358544,,TOPSIS_CRITIC,q1-critic-topsis-20260924-r01
A2,new_only,arxiv,16104,16104,63.473466638431347,63.704456784709933,5.4811866865427943,56.682858649086306,70.329682887358544,1,TOPSIS_CRITIC,q1-critic-topsis-20260924-r01
A3,full,ALL,203752,203752,51.68931209513098,51.871708774228708,5.7298912611995263,44.517183555275409,58.442048773799506,,TOPSIS_CRITIC,q1-critic-topsis-20260924-r01
A3,full,github,203752,203752,51.68931209513098,51.871708774228708,5.7298912611995263,44.517183555275409,58.442048773799506,1,TOPSIS_CRITIC,q1-critic-topsis-20260924-r01
A3,overlap_A1,ALL,10000,10000,51.701407532414713,51.938064102872389,5.7047356160229059,44.435631057928731,58.417488464301094,,TOPSIS_CRITIC,q1-critic-topsis-20260924-r01
A3,overlap_A1,github,10000,10000,51.701407532414713,51.938064102872389,5.7047356160229059,44.435631057928731,58.417488464301094,1,TOPSIS_CRITIC,q1-critic-topsis-20260924-r01
A3,new_only,ALL,193752,193752,51.688687820941112,51.868391960986003,5.7312005750251362,44.521202543962154,58.443320512951367,,TOPSIS_CRITIC,q1-critic-topsis-20260924-r01
A3,new_only,github,193752,193752,51.688687820941112,51.868391960986003,5.7312005750251362,44.521202543962154,58.443320512951367,1,TOPSIS_CRITIC,q1-critic-topsis-20260924-r01
A1+A2+A3,unique_union,ALL,261086,261086,54.232263879163661,53.297823285463409,7.7224911498550854,45.386539019930112,65.270892487780884,,TOPSIS_CRITIC,q1-critic-topsis-20260924-r01
A1+A2+A3,unique_union,arxiv,17523,17523,63.504958911768838,63.767158013773944,5.4920014497301262,56.692645104158366,70.367824093611972,3,TOPSIS_CRITIC,q1-critic-topsis-20260924-r01
A1+A2+A3,unique_union,book,171,171,56.032520480791618,55.477675739252255,4.793530056477266,49.598163803233597,62.387529669959278,6,TOPSIS_CRITIC,q1-critic-topsis-20260924-r01
A1+A2+A3,unique_union,c4,10000,10000,66.002112661878627,66.911227190765203,8.8246313753386261,53.625345557942289,76.617331295351079,1,TOPSIS_CRITIC,q1-critic-topsis-20260924-r01
A1+A2+A3,unique_union,commoncrawl,9640,9640,64.335709953563565,65.084162425509632,7.2241902535951779,54.696296549653923,72.906316087931216,2,TOPSIS_CRITIC,q1-critic-topsis-20260924-r01
A1+A2+A3,unique_union,github,203752,203752,51.68931209513098,51.871708774228708,5.7298912611995263,44.517183555275409,58.442048773799506,7,TOPSIS_CRITIC,q1-critic-topsis-20260924-r01
A1+A2+A3,unique_union,stackexchange,10000,10000,61.387873335966582,61.410510310038923,5.9646170002418675,53.874201198766578,68.855801624065435,4,TOPSIS_CRITIC,q1-critic-topsis-20260924-r01
A1+A2+A3,unique_union,wikipedia,10000,10000,61.100906920424919,60.818230990289933,7.3010067009734021,52.359561219924586,70.726557239647448,5,TOPSIS_CRITIC,q1-critic-topsis-20260924-r01
A1+A2+A3,all_file_rows_diagnostic,ALL,272505,261086,54.18953637821361,53.271085756798186,7.6948994542706615,45.3659621560655,65.193215732347525,,TOPSIS_CRITIC,q1-critic-topsis-20260924-r01
A1+A2+A3,all_file_rows_diagnostic,arxiv,18942,17523,63.531732830564465,63.809430493690819,5.50103727759981,56.705274154622494,70.399309062121105,3,TOPSIS_CRITIC,q1-critic-topsis-20260924-r01
A1+A2+A3,all_file_rows_diagnostic,book,171,171,56.032520480791618,55.477675739252255,4.793530056477266,49.598163803233597,62.387529669959278,6,TOPSIS_CRITIC,q1-critic-topsis-20260924-r01
A1+A2+A3,all_file_rows_diagnostic,c4,10000,10000,66.002112661878627,66.911227190765203,8.8246313753386261,53.625345557942289,76.617331295351079,1,TOPSIS_CRITIC,q1-critic-topsis-20260924-r01
A1+A2+A3,all_file_rows_diagnostic,commoncrawl,9640,9640,64.335709953563565,65.084162425509632,7.2241902535951779,54.696296549653923,72.906316087931216,2,TOPSIS_CRITIC,q1-critic-topsis-20260924-r01
A1+A2+A3,all_file_rows_diagnostic,github,213752,203752,51.68987795824728,51.875250616829561,5.7287041383591815,44.51371697561418,58.441401628364773,7,TOPSIS_CRITIC,q1-critic-topsis-20260924-r01
A1+A2+A3,all_file_rows_diagnostic,stackexchange,10000,10000,61.387873335966582,61.410510310038923,5.9646170002418675,53.874201198766578,68.855801624065435,4,TOPSIS_CRITIC,q1-critic-topsis-20260924-r01
A1+A2+A3,all_file_rows_diagnostic,wikipedia,10000,10000,61.100906920424919,60.818230990289933,7.3010067009734021,52.359561219924586,70.726557239647448,5,TOPSIS_CRITIC,q1-critic-topsis-20260924-r01
A1,full,ALL,51230,51230,64.008171052280858,64.508638665171063,10.827594566757911,49.770340039238626,77.83551109784301,,CRITIC_SUM,q1-critic-sum-20260924-r02
A1,full,arxiv,1419,1419,68.828975515837939,69.620489828410925,6.8497206662502013,60.252487355450739,76.95834472953706,2,CRITIC_SUM,q1-critic-sum-20260924-r02
A1,full,book,171,171,58.813104019060013,58.101620503076802,6.9348536828331948,49.452600573524137,68.411614974710261,6,CRITIC_SUM,q1-critic-sum-20260924-r02
A1,full,c4,10000,10000,70.79985936471158,72.627905482567698,10.864128416955776,55.424910421991008,83.217941817169205,1,CRITIC_SUM,q1-critic-sum-20260924-r02
A1,full,commoncrawl,9640,9640,68.139131067851935,69.210910116544014,8.9290622123446415,56.227497760973428,78.421538948975268,3,CRITIC_SUM,q1-critic-sum-20260924-r02
A1,full,github,10000,10000,52.150919542328097,52.644093313375457,7.6465993174609332,42.138324123574776,61.2035288389771,7,CRITIC_SUM,q1-critic-sum-20260924-r02
A1,full,stackexchange,10000,10000,64.371031781385483,64.568033385643275,7.2209394128300977,55.249278681583206,73.265909274984395,4,CRITIC_SUM,q1-critic-sum-20260924-r02
A1,full,wikipedia,10000,10000,64.133391558577003,64.096211234871248,8.976772154472572,53.284415959544106,75.635126827433865,5,CRITIC_SUM,q1-critic-sum-20260924-r02
A1,fit,ALL,40919,40919,63.979325473784805,64.463118652697588,10.831436071896466,49.759339768128562,77.811053366030706,,CRITIC_SUM,q1-critic-sum-20260924-r02
A1,fit,arxiv,1146,1146,68.823590353167972,69.536665854876304,6.8216105374430169,60.395279997346861,76.864098344338899,2,CRITIC_SUM,q1-critic-sum-20260924-r02
A1,fit,book,135,135,59.081993319137105,57.99898826890206,6.9341283390862847,50.287019598503647,68.789833428155177,6,CRITIC_SUM,q1-critic-sum-20260924-r02
A1,fit,c4,7944,7944,70.799530989441038,72.599366884688777,10.827917048361053,55.661445519622909,83.130657399625633,1,CRITIC_SUM,q1-critic-sum-20260924-r02
A1,fit,commoncrawl,7676,7676,68.079240230491678,69.126485749696656,8.931038723167056,56.237305235740379,78.404315762990848,3,CRITIC_SUM,q1-critic-sum-20260924-r02
A1,fit,github,8001,8001,52.109600451483367,52.642343476110966,7.6879216529771908,41.948521769195061,61.187365074056785,7,CRITIC_SUM,q1-critic-sum-20260924-r02
A1,fit,stackexchange,7957,7957,64.359874509641216,64.586403878791003,7.2370762279522403,55.213488919460239,73.269267872775444,4,CRITIC_SUM,q1-critic-sum-20260924-r02
A1,fit,wikipedia,8060,8060,64.153096593558217,64.019144367910769,8.9839794250096059,53.318188940614,75.651495460756834,5,CRITIC_SUM,q1-critic-sum-20260924-r02
A1,holdout,ALL,10311,10311,64.12264416124016,64.702337044149488,10.812102155842888,49.856605487052278,77.937679021130961,,CRITIC_SUM,q1-critic-sum-20260924-r02
A1,holdout,arxiv,273,273,68.851581363529519,69.764334241472099,6.9791316669726831,59.879108901468612,77.609694355722183,2,CRITIC_SUM,q1-critic-sum-20260924-r02
A1,holdout,book,36,36,57.804769143770969,58.938496479960563,6.9411891604817644,48.353920868904822,66.738495710643662,6,CRITIC_SUM,q1-critic-sum-20260924-r02
A1,holdout,c4,2056,2056,70.801128145426176,72.704901456212767,11.005581954486916,54.772340348566566,83.418798499665257,1,CRITIC_SUM,q1-critic-sum-20260924-r02
A1,holdout,commoncrawl,1964,1964,68.373205440345544,69.592437036093557,8.9197479192677616,56.273162323489871,78.43511623135484,3,CRITIC_SUM,q1-critic-sum-20260924-r02
A1,holdout,github,1999,1999,52.316299255108795,52.654147133260686,7.478527574124648,42.705076329727383,61.30192975595768,7,CRITIC_SUM,q1-critic-sum-20260924-r02
A1,holdout,stackexchange,2043,2043,64.414486706137936,64.4534305796913,7.1593381633081794,55.371250287514819,73.240516101159599,4,CRITIC_SUM,q1-critic-sum-20260924-r02
A1,holdout,wikipedia,1940,1940,64.051524248294285,64.398001809180812,8.9486120160140619,53.125991899995952,75.399370736260309,5,CRITIC_SUM,q1-critic-sum-20260924-r02
A2,full,ALL,17523,17523,68.423453391387071,68.85301086520758,6.6999602920180257,60.072301019849732,76.537097137636678,,CRITIC_SUM,q1-critic-sum-20260924-r02
A2,full,arxiv,17523,17523,68.423453391387071,68.85301086520758,6.6999602920180257,60.072301019849732,76.537097137636678,1,CRITIC_SUM,q1-critic-sum-20260924-r02
A2,overlap_A1,ALL,1419,1419,68.828975515837939,69.620489828410925,6.8497206662502013,60.252487355450739,76.95834472953706,,CRITIC_SUM,q1-critic-sum-20260924-r02
A2,overlap_A1,arxiv,1419,1419,68.828975515837939,69.620489828410925,6.8497206662502013,60.252487355450739,76.95834472953706,1,CRITIC_SUM,q1-critic-sum-20260924-r02
A2,new_only,ALL,16104,16104,68.387720909109646,68.770887560141617,6.6856412889498245,60.06862925201596,76.482921599871815,,CRITIC_SUM,q1-critic-sum-20260924-r02
A2,new_only,arxiv,16104,16104,68.387720909109646,68.770887560141617,6.6856412889498245,60.06862925201596,76.482921599871815,1,CRITIC_SUM,q1-critic-sum-20260924-r02
A3,full,ALL,203752,203752,52.131344436537084,52.559415958089502,7.6784699581142348,42.248799723594978,61.198683069477063,,CRITIC_SUM,q1-critic-sum-20260924-r02
A3,full,github,203752,203752,52.131344436537084,52.559415958089502,7.6784699581142348,42.248799723594978,61.198683069477063,1,CRITIC_SUM,q1-critic-sum-20260924-r02
A3,overlap_A1,ALL,10000,10000,52.150919542328097,52.644093313375457,7.6465993174609332,42.138324123574776,61.2035288389771,,CRITIC_SUM,q1-critic-sum-20260924-r02
A3,overlap_A1,github,10000,10000,52.150919542328097,52.644093313375457,7.6465993174609332,42.138324123574776,61.2035288389771,1,CRITIC_SUM,q1-critic-sum-20260924-r02
A3,new_only,ALL,193752,193752,52.130334118925369,52.555229821671674,7.680129589650611,42.254294235958213,61.1981918428867,,CRITIC_SUM,q1-critic-sum-20260924-r02
A3,new_only,github,193752,193752,52.130334118925369,52.555229821671674,7.680129589650611,42.254294235958213,61.1981918428867,1,CRITIC_SUM,q1-critic-sum-20260924-r02
A1+A2+A3,unique_union,ALL,261086,261086,55.463758902195721,54.507580505262496,10.119623652560707,43.473860358230922,69.748113617466657,,CRITIC_SUM,q1-critic-sum-20260924-r02
A1+A2+A3,unique_union,arxiv,17523,17523,68.423453391387071,68.85301086520758,6.6999602920180257,60.072301019849732,76.537097137636678,2,CRITIC_SUM,q1-critic-sum-20260924-r02
A1+A2+A3,unique_union,book,171,171,58.813104019060013,58.101620503076802,6.9348536828331948,49.452600573524137,68.411614974710261,6,CRITIC_SUM,q1-critic-sum-20260924-r02
A1+A2+A3,unique_union,c4,10000,10000,70.79985936471158,72.627905482567698,10.864128416955776,55.424910421991008,83.217941817169205,1,CRITIC_SUM,q1-critic-sum-20260924-r02
A1+A2+A3,unique_union,commoncrawl,9640,9640,68.139131067851935,69.210910116544014,8.9290622123446415,56.227497760973428,78.421538948975268,3,CRITIC_SUM,q1-critic-sum-20260924-r02
A1+A2+A3,unique_union,github,203752,203752,52.131344436537084,52.559415958089502,7.6784699581142348,42.248799723594978,61.198683069477063,7,CRITIC_SUM,q1-critic-sum-20260924-r02
A1+A2+A3,unique_union,stackexchange,10000,10000,64.371031781385483,64.568033385643275,7.2209394128300977,55.249278681583206,73.265909274984395,4,CRITIC_SUM,q1-critic-sum-20260924-r02
A1+A2+A3,unique_union,wikipedia,10000,10000,64.133391558577003,64.096211234871248,8.976772154472572,53.284415959544106,75.635126827433865,5,CRITIC_SUM,q1-critic-sum-20260924-r02
A1+A2+A3,all_file_rows_diagnostic,ALL,272505,261086,55.411784988968762,54.473209544487489,10.091350113389204,43.438658864787392,69.65818843038636,,CRITIC_SUM,q1-critic-sum-20260924-r02
A1+A2+A3,all_file_rows_diagnostic,arxiv,18942,17523,68.453832226494015,68.913021899291948,6.7119601830585518,60.07533602127728,76.574192250709132,2,CRITIC_SUM,q1-critic-sum-20260924-r02
A1+A2+A3,all_file_rows_diagnostic,book,171,171,58.813104019060013,58.101620503076802,6.9348536828331948,49.452600573524137,68.411614974710261,6,CRITIC_SUM,q1-critic-sum-20260924-r02
A1+A2+A3,all_file_rows_diagnostic,c4,10000,10000,70.79985936471158,72.627905482567698,10.864128416955776,55.424910421991008,83.217941817169205,1,CRITIC_SUM,q1-critic-sum-20260924-r02
A1+A2+A3,all_file_rows_diagnostic,commoncrawl,9640,9640,68.139131067851935,69.210910116544014,8.9290622123446415,56.227497760973428,78.421538948975268,3,CRITIC_SUM,q1-critic-sum-20260924-r02
A1+A2+A3,all_file_rows_diagnostic,github,213752,203752,52.132260222391309,52.563220694460043,7.6769651881299863,42.242350887995329,61.19890894930375,7,CRITIC_SUM,q1-critic-sum-20260924-r02
A1+A2+A3,all_file_rows_diagnostic,stackexchange,10000,10000,64.371031781385483,64.568033385643275,7.2209394128300977,55.249278681583206,73.265909274984395,4,CRITIC_SUM,q1-critic-sum-20260924-r02
A1+A2+A3,all_file_rows_diagnostic,wikipedia,10000,10000,64.133391558577003,64.096211234871248,8.976772154472572,53.284415959544106,75.635126827433865,5,CRITIC_SUM,q1-critic-sum-20260924-r02
A1,full,ALL,51230,51230,66.356212393836046,66.829214015546569,9.9182281078875612,53.593168136875626,78.929219317895004,,EQUAL_SUM,q1-equal-sum-20260924-r02
A1,full,arxiv,1419,1419,67.645156642512958,68.688389494006245,8.0902264333121288,56.946914178692083,77.432999749682494,3,EQUAL_SUM,q1-equal-sum-20260924-r02
A1,full,book,171,171,56.09650613827894,55.496852766841883,7.2406349615495058,46.738035759243751,65.387575804088144,7,EQUAL_SUM,q1-equal-sum-20260924-r02
A1,full,c4,10000,10000,72.252109696393049,73.865912822009363,9.9654400739836326,58.197244554795262,83.664520948691248,1,EQUAL_SUM,q1-equal-sum-20260924-r02
A1,full,commoncrawl,9640,9640,70.466465739801478,71.435528359831252,8.1646437079103524,59.798807223787499,79.852190128408736,2,EQUAL_SUM,q1-equal-sum-20260924-r02
A1,full,github,10000,10000,56.114787392178769,56.858340497440622,7.4539533125456892,46.560765882361494,64.58114773442189,6,EQUAL_SUM,q1-equal-sum-20260924-r02
A1,full,stackexchange,10000,10000,66.642530375474081,66.927528247606261,6.6660630557606106,58.173908388862117,74.722758448279393,4,EQUAL_SUM,q1-equal-sum-20260924-r02
A1,full,wikipedia,10000,10000,66.445677673870321,66.513789146843749,8.4957679725356581,56.07078968203593,77.272609113514378,5,EQUAL_SUM,q1-equal-sum-20260924-r02
A1,fit,ALL,40919,40919,66.33047477554986,66.790311410343747,9.9251569956946017,53.583482661801625,78.906931876065883,,EQUAL_SUM,q1-equal-sum-20260924-r02
A1,fit,arxiv,1146,1146,67.653858070959458,68.663027490540301,8.0220635066675055,57.159326191420632,77.305199654771883,3,EQUAL_SUM,q1-equal-sum-20260924-r02
A1,fit,book,135,135,56.362235987085086,55.4576337811,7.2276800733669466,47.39667527308,65.854417458407497,6,EQUAL_SUM,q1-equal-sum-20260924-r02
A1,fit,c4,7944,7944,72.253154507876459,73.847737072888435,9.9340619948581992,58.400385268924516,83.596418325010006,1,EQUAL_SUM,q1-equal-sum-20260924-r02
A1,fit,commoncrawl,7676,7676,70.41437613065041,71.37050293298438,8.1695420695663721,59.798058390912502,79.82702948650936,2,EQUAL_SUM,q1-equal-sum-20260924-r02
A1,fit,github,8001,8001,56.070785161326903,56.849181788049997,7.5064976672783761,46.375175955540001,64.562282343700005,7,EQUAL_SUM,q1-equal-sum-20260924-r02
A1,fit,stackexchange,7957,7957,66.633552190530992,66.949390667431885,6.6869793074576842,58.17343287027974,74.741667844310015,4,EQUAL_SUM,q1-equal-sum-20260924-r02
A1,fit,wikipedia,8060,8060,66.467882963756068,66.450434937956246,8.5000906765341497,56.145191817441805,77.403415976280627,5,EQUAL_SUM,q1-equal-sum-20260924-r02
A1,holdout,ALL,10311,10311,66.458351624041882,66.995608581731886,9.8905030923695545,53.627031662137504,78.960893704131223,,EQUAL_SUM,q1-equal-sum-20260924-r02
A1,holdout,arxiv,273,273,67.608629767056257,68.85827559826248,8.3853402257918912,56.312343682495758,78.060088819497494,3,EQUAL_SUM,q1-equal-sum-20260924-r02
A1,holdout,book,36,36,55.100019205255904,56.496639640481249,7.3040121660535302,45.180170002973128,63.336767381834377,7,EQUAL_SUM,q1-equal-sum-20260924-r02
A1,holdout,c4,2056,2056,72.248072739961088,73.993464256099998,10.088199443529858,57.698042438737495,83.858019146984375,1,EQUAL_SUM,q1-equal-sum-20260924-r02
A1,holdout,commoncrawl,1964,1964,70.670050179640427,71.82952671983125,8.1443513840983819,59.835664491170625,79.992460567552513,2,EQUAL_SUM,q1-equal-sum-20260924-r02
A1,holdout,github,1999,1999,56.290906376193703,56.888290030893749,7.2389878509903127,47.247990716998871,64.685792394558732,6,EQUAL_SUM,q1-equal-sum-20260924-r02
A1,holdout,stackexchange,2043,2043,66.677498274442357,66.779077903406247,6.5854714675561299,58.218142232466619,74.699905108919992,4,EQUAL_SUM,q1-equal-sum-20260924-r02
A1,holdout,wikipedia,1940,1940,66.353422706613131,66.841017257168758,8.4793502119207051,55.857182771965618,77.048271650800018,5,EQUAL_SUM,q1-equal-sum-20260924-r02
A2,full,ALL,17523,17523,67.15773315127862,67.890040008106254,7.9739003636141685,56.819001719476752,76.994607213976252,,EQUAL_SUM,q1-equal-sum-20260924-r02
A2,full,arxiv,17523,17523,67.15773315127862,67.890040008106254,7.9739003636141685,56.819001719476752,76.994607213976252,1,EQUAL_SUM,q1-equal-sum-20260924-r02
A2,overlap_A1,ALL,1419,1419,67.645156642512958,68.688389494006245,8.0902264333121288,56.946914178692083,77.432999749682494,,EQUAL_SUM,q1-equal-sum-20260924-r02
A2,overlap_A1,arxiv,1419,1419,67.645156642512958,68.688389494006245,8.0902264333121288,56.946914178692083,77.432999749682494,1,EQUAL_SUM,q1-equal-sum-20260924-r02
A2,new_only,ALL,16104,16104,67.114783950206743,67.826122291443738,7.9623930362843121,56.796503323035004,76.94383426684,,EQUAL_SUM,q1-equal-sum-20260924-r02
A2,new_only,arxiv,16104,16104,67.114783950206743,67.826122291443738,7.9623930362843121,56.796503323035004,76.94383426684,1,EQUAL_SUM,q1-equal-sum-20260924-r02
A3,full,ALL,203752,203752,56.090472752321389,56.758226901594682,7.4827309494038907,46.661355313344558,64.55397098193562,,EQUAL_SUM,q1-equal-sum-20260924-r02
A3,full,github,203752,203752,56.090472752321389,56.758226901594682,7.4827309494038907,46.661355313344558,64.55397098193562,1,EQUAL_SUM,q1-equal-sum-20260924-r02
A3,overlap_A1,ALL,10000,10000,56.114787392178769,56.858340497440622,7.4539533125456892,46.560765882361494,64.58114773442189,,EQUAL_SUM,q1-equal-sum-20260924-r02
A3,overlap_A1,github,10000,10000,56.114787392178769,56.858340497440622,7.4539533125456892,46.560765882361494,64.58114773442189,1,EQUAL_SUM,q1-equal-sum-20260924-r02
A3,new_only,ALL,193752,193752,56.089217816121639,56.754427145334375,7.4842302505696763,46.665739113233819,64.551462636339991,,EQUAL_SUM,q1-equal-sum-20260924-r02
A3,new_only,github,193752,193752,56.089217816121639,56.754427145334375,7.4842302505696763,46.665739113233819,64.551462636339991,1,EQUAL_SUM,q1-equal-sum-20260924-r02
A1+A2+A3,unique_union,ALL,261086,261086,58.78386191515267,58.383528953790623,9.2574720802664885,47.857302577872574,71.182259542996889,,EQUAL_SUM,q1-equal-sum-20260924-r02
A1+A2+A3,unique_union,arxiv,17523,17523,67.15773315127862,67.890040008106254,7.9739003636141685,56.819001719476752,76.994607213976252,3,EQUAL_SUM,q1-equal-sum-20260924-r02
A1+A2+A3,unique_union,book,171,171,56.09650613827894,55.496852766841883,7.2406349615495058,46.738035759243751,65.387575804088144,6,EQUAL_SUM,q1-equal-sum-20260924-r02
A1+A2+A3,unique_union,c4,10000,10000,72.252109696393049,73.865912822009363,9.9654400739836326,58.197244554795262,83.664520948691248,1,EQUAL_SUM,q1-equal-sum-20260924-r02
A1+A2+A3,unique_union,commoncrawl,9640,9640,70.466465739801478,71.435528359831252,8.1646437079103524,59.798807223787499,79.852190128408736,2,EQUAL_SUM,q1-equal-sum-20260924-r02
A1+A2+A3,unique_union,github,203752,203752,56.090472752321389,56.758226901594682,7.4827309494038907,46.661355313344558,64.55397098193562,7,EQUAL_SUM,q1-equal-sum-20260924-r02
A1+A2+A3,unique_union,stackexchange,10000,10000,66.642530375474081,66.927528247606261,6.6660630557606106,58.173908388862117,74.722758448279393,4,EQUAL_SUM,q1-equal-sum-20260924-r02
A1+A2+A3,unique_union,wikipedia,10000,10000,66.445677673870321,66.513789146843749,8.4957679725356581,56.07078968203593,77.272609113514378,5,EQUAL_SUM,q1-equal-sum-20260924-r02
A1+A2+A3,all_file_rows_diagnostic,ALL,272505,261086,58.732058946357178,58.352400573799997,9.2280289009069651,47.825361834514375,71.061899034725002,,EQUAL_SUM,q1-equal-sum-20260924-r02
A1+A2+A3,all_file_rows_diagnostic,arxiv,18942,17523,67.194247454628936,67.939492985499385,7.9834887312444236,56.837254766825311,77.037073864470003,3,EQUAL_SUM,q1-equal-sum-20260924-r02
A1+A2+A3,all_file_rows_diagnostic,book,171,171,56.09650613827894,55.496852766841883,7.2406349615495058,46.738035759243751,65.387575804088144,6,EQUAL_SUM,q1-equal-sum-20260924-r02
A1+A2+A3,all_file_rows_diagnostic,c4,10000,10000,72.252109696393049,73.865912822009363,9.9654400739836326,58.197244554795262,83.664520948691248,1,EQUAL_SUM,q1-equal-sum-20260924-r02
A1+A2+A3,all_file_rows_diagnostic,commoncrawl,9640,9640,70.466465739801478,71.435528359831252,8.1646437079103524,59.798807223787499,79.852190128408736,2,EQUAL_SUM,q1-equal-sum-20260924-r02
A1+A2+A3,all_file_rows_diagnostic,github,213752,203752,56.091610268688839,56.76230240408438,7.4813714915766356,46.656907748091982,64.55532863980001,7,EQUAL_SUM,q1-equal-sum-20260924-r02
A1+A2+A3,all_file_rows_diagnostic,stackexchange,10000,10000,66.642530375474081,66.927528247606261,6.6660630557606106,58.173908388862117,74.722758448279393,4,EQUAL_SUM,q1-equal-sum-20260924-r02
A1+A2+A3,all_file_rows_diagnostic,wikipedia,10000,10000,66.445677673870321,66.513789146843749,8.4957679725356581,56.07078968203593,77.272609113514378,5,EQUAL_SUM,q1-equal-sum-20260924-r02
A1,full,ALL,51230,51230,57.788643496101301,57.856911000772584,9.4327117886758121,45.706934015882602,69.954358072631024,,TOPSIS_NO_3_COST,q1-topsis-no3cost-20260924-r01
A1,full,arxiv,1419,1419,60.608517872756735,61.179191810222996,6.2422774380771759,53.024824334899748,68.188541410439072,3,TOPSIS_NO_3_COST,q1-topsis-no3cost-20260924-r01
A1,full,book,171,171,50.97305514322003,50.555916631127928,5.8805207297153368,43.161155791102004,58.735688415275277,6,TOPSIS_NO_3_COST,q1-topsis-no3cost-20260924-r01
A1,full,c4,10000,10000,63.451157224884106,64.410934935409514,9.5810437092539509,49.785961195033103,75.08855780484248,1,TOPSIS_NO_3_COST,q1-topsis-no3cost-20260924-r01
A1,full,commoncrawl,9640,9640,60.943193342721671,61.818052025725748,8.1659181754698515,49.849419943472071,70.593270134496166,2,TOPSIS_NO_3_COST,q1-topsis-no3cost-20260924-r01
A1,full,github,10000,10000,47.211349567321989,47.556399225769042,6.536750493981728,39.347109069558961,54.787597256513031,7,TOPSIS_NO_3_COST,q1-topsis-no3cost-20260924-r01
A1,full,stackexchange,10000,10000,58.499829905668847,58.381066077604437,6.5314135433404266,50.28008116998781,66.766259561839448,5,TOPSIS_NO_3_COST,q1-topsis-no3cost-20260924-r01
A1,full,wikipedia,10000,10000,58.667657621175074,57.957536069754681,7.178293241174611,50.12074661228214,68.545775799581918,4,TOPSIS_NO_3_COST,q1-topsis-no3cost-20260924-r01
A1,fit,ALL,40919,40919,57.75782382201902,57.829055202716326,9.4362157416649879,45.684524197396421,69.927871325491694,,TOPSIS_NO_3_COST,q1-topsis-no3cost-20260924-r01
A1,fit,arxiv,1146,1146,60.632063868384861,61.240018536852055,6.241338695549377,53.076514119168529,68.064941990504622,3,TOPSIS_NO_3_COST,q1-topsis-no3cost-20260924-r01
A1,fit,book,135,135,51.194521615663376,50.332346295457157,5.8679609376487756,43.943617528655906,58.874874253776227,6,TOPSIS_NO_3_COST,q1-topsis-no3cost-20260924-r01
A1,fit,c4,7944,7944,63.445779546106991,64.414552460594862,9.5369546749654557,49.859858364071364,75.035049384338805,1,TOPSIS_NO_3_COST,q1-topsis-no3cost-20260924-r01
A1,fit,commoncrawl,7676,7676,60.88199343894118,61.744894337565682,8.1688818893742372,49.78823046626303,70.566804557367561,2,TOPSIS_NO_3_COST,q1-topsis-no3cost-20260924-r01
A1,fit,github,8001,8001,47.172224566577732,47.541973311493109,6.5720306708877585,39.246879825772297,54.786221941490041,7,TOPSIS_NO_3_COST,q1-topsis-no3cost-20260924-r01
A1,fit,stackexchange,7957,7957,58.495297166653643,58.41980616998341,6.5348585943136426,50.265000667384406,66.721935205172187,5,TOPSIS_NO_3_COST,q1-topsis-no3cost-20260924-r01
A1,fit,wikipedia,8060,8060,58.657727630034103,57.922214324617855,7.2165359457102349,50.096937228622465,68.614156488068318,4,TOPSIS_NO_3_COST,q1-topsis-no3cost-20260924-r01
A1,holdout,ALL,10311,10311,57.910950764433423,57.97176902866962,9.4182563664360721,45.797770661623403,70.106073503764307,,TOPSIS_NO_3_COST,q1-topsis-no3cost-20260924-r01
A1,holdout,arxiv,273,273,60.509676440559524,61.158723661675637,6.2567143973742176,52.547274042179126,68.42673077319408,3,TOPSIS_NO_3_COST,q1-topsis-no3cost-20260924-r01
A1,holdout,book,36,36,50.142555871557434,51.008016152424076,5.9358957896512683,42.071641345964707,57.451212839393563,6,TOPSIS_NO_3_COST,q1-topsis-no3cost-20260924-r01
A1,holdout,c4,2056,2056,63.471935571287496,64.366260834314517,9.7518451874609973,49.396197901498788,75.462286877833421,1,TOPSIS_NO_3_COST,q1-topsis-no3cost-20260924-r01
A1,holdout,commoncrawl,1964,1964,61.182384005358657,62.029866969877062,8.151994876510976,50.079057030022682,70.817992500808899,2,TOPSIS_NO_3_COST,q1-topsis-no3cost-20260924-r01
A1,holdout,github,1999,1999,47.367947431731622,47.601705990598091,6.3928128074241934,39.774380374276006,54.804280482033732,7,TOPSIS_NO_3_COST,q1-topsis-no3cost-20260924-r01
A1,holdout,stackexchange,2043,2043,58.517483848078967,58.210350407820698,6.5195459518147487,50.414393660894333,66.906756764224269,5,TOPSIS_NO_3_COST,q1-topsis-no3cost-20260924-r01
A1,holdout,wikipedia,1940,1940,58.708913151379321,58.208175881956656,7.0188562239407082,50.21462614581764,68.391160948967013,4,TOPSIS_NO_3_COST,q1-topsis-no3cost-20260924-r01
A2,full,ALL,17523,17523,60.213735648525315,60.448758416663679,6.1053743309223982,52.815761065766544,67.759698916179488,,TOPSIS_NO_3_COST,q1-topsis-no3cost-20260924-r01
A2,full,arxiv,17523,17523,60.213735648525315,60.448758416663679,6.1053743309223982,52.815761065766544,67.759698916179488,1,TOPSIS_NO_3_COST,q1-topsis-no3cost-20260924-r01
A2,overlap_A1,ALL,1419,1419,60.608517872756735,61.179191810222996,6.2422774380771759,53.024824334899748,68.188541410439072,,TOPSIS_NO_3_COST,q1-topsis-no3cost-20260924-r01
A2,overlap_A1,arxiv,1419,1419,60.608517872756735,61.179191810222996,6.2422774380771759,53.024824334899748,68.188541410439072,1,TOPSIS_NO_3_COST,q1-topsis-no3cost-20260924-r01
A2,new_only,ALL,16104,16104,60.178949509914766,60.393337558378505,6.0921351205329159,52.804996677894252,67.729607881570644,,TOPSIS_NO_3_COST,q1-topsis-no3cost-20260924-r01
A2,new_only,arxiv,16104,16104,60.178949509914766,60.393337558378505,6.0921351205329159,52.804996677894252,67.729607881570644,1,TOPSIS_NO_3_COST,q1-topsis-no3cost-20260924-r01
A3,full,ALL,203752,203752,47.231931425954663,47.540778385385636,6.5520362030177326,39.406241249266266,54.774223173992993,,TOPSIS_NO_3_COST,q1-topsis-no3cost-20260924-r01
A3,full,github,203752,203752,47.231931425954663,47.540778385385636,6.5520362030177326,39.406241249266266,54.774223173992993,1,TOPSIS_NO_3_COST,q1-topsis-no3cost-20260924-r01
A3,overlap_A1,ALL,10000,10000,47.211349567321989,47.556399225769042,6.536750493981728,39.347109069558961,54.787597256513031,,TOPSIS_NO_3_COST,q1-topsis-no3cost-20260924-r01
A3,overlap_A1,github,10000,10000,47.211349567321989,47.556399225769042,6.536750493981728,39.347109069558961,54.787597256513031,1,TOPSIS_NO_3_COST,q1-topsis-no3cost-20260924-r01
A3,new_only,ALL,193752,193752,47.232993704467027,47.540191242275014,6.5528392442789931,39.40853656676407,54.772514906134198,,TOPSIS_NO_3_COST,q1-topsis-no3cost-20260924-r01
A3,new_only,github,193752,193752,47.232993704467027,47.540191242275014,6.5528392442789931,39.40853656676407,54.772514906134198,1,TOPSIS_NO_3_COST,q1-topsis-no3cost-20260924-r01
A1+A2+A3,unique_union,ALL,261086,261086,50.102728623675063,49.041166728760842,8.6935870775295694,40.456224334382497,62.335385449783573,,TOPSIS_NO_3_COST,q1-topsis-no3cost-20260924-r01
A1+A2+A3,unique_union,arxiv,17523,17523,60.213735648525315,60.448758416663679,6.1053743309223982,52.815761065766544,67.759698916179488,3,TOPSIS_NO_3_COST,q1-topsis-no3cost-20260924-r01
A1+A2+A3,unique_union,book,171,171,50.97305514322003,50.555916631127928,5.8805207297153368,43.161155791102004,58.735688415275277,6,TOPSIS_NO_3_COST,q1-topsis-no3cost-20260924-r01
A1+A2+A3,unique_union,c4,10000,10000,63.451157224884106,64.410934935409514,9.5810437092539509,49.785961195033103,75.08855780484248,1,TOPSIS_NO_3_COST,q1-topsis-no3cost-20260924-r01
A1+A2+A3,unique_union,commoncrawl,9640,9640,60.943193342721671,61.818052025725748,8.1659181754698515,49.849419943472071,70.593270134496166,2,TOPSIS_NO_3_COST,q1-topsis-no3cost-20260924-r01
A1+A2+A3,unique_union,github,203752,203752,47.231931425954663,47.540778385385636,6.5520362030177326,39.406241249266266,54.774223173992993,7,TOPSIS_NO_3_COST,q1-topsis-no3cost-20260924-r01
A1+A2+A3,unique_union,stackexchange,10000,10000,58.499829905668847,58.381066077604437,6.5314135433404266,50.28008116998781,66.766259561839448,5,TOPSIS_NO_3_COST,q1-topsis-no3cost-20260924-r01
A1+A2+A3,unique_union,wikipedia,10000,10000,58.667657621175074,57.957536069754681,7.178293241174611,50.12074661228214,68.545775799581918,4,TOPSIS_NO_3_COST,q1-topsis-no3cost-20260924-r01
A1+A2+A3,all_file_rows_diagnostic,ALL,272505,261086,50.05133112410963,49.014232399141918,8.6637706780536288,40.432794595967671,62.235819527096226,,TOPSIS_NO_3_COST,q1-topsis-no3cost-20260924-r01
A1+A2+A3,all_file_rows_diagnostic,arxiv,18942,17523,60.243309926647179,60.504343862556475,6.1164517204078779,52.825290824112763,67.797382432948979,3,TOPSIS_NO_3_COST,q1-topsis-no3cost-20260924-r01
A1+A2+A3,all_file_rows_diagnostic,book,171,171,50.97305514322003,50.555916631127928,5.8805207297153368,43.161155791102004,58.735688415275277,6,TOPSIS_NO_3_COST,q1-topsis-no3cost-20260924-r01
A1+A2+A3,all_file_rows_diagnostic,c4,10000,10000,63.451157224884106,64.410934935409514,9.5810437092539509,49.785961195033103,75.08855780484248,1,TOPSIS_NO_3_COST,q1-topsis-no3cost-20260924-r01
A1+A2+A3,all_file_rows_diagnostic,commoncrawl,9640,9640,60.943193342721671,61.818052025725748,8.1659181754698515,49.849419943472071,70.593270134496166,2,TOPSIS_NO_3_COST,q1-topsis-no3cost-20260924-r01
A1+A2+A3,all_file_rows_diagnostic,github,213752,203752,47.230968540992983,47.54136723171279,6.551308065892532,39.403475369607008,54.775489724615085,7,TOPSIS_NO_3_COST,q1-topsis-no3cost-20260924-r01
A1+A2+A3,all_file_rows_diagnostic,stackexchange,10000,10000,58.499829905668847,58.381066077604437,6.5314135433404266,50.28008116998781,66.766259561839448,5,TOPSIS_NO_3_COST,q1-topsis-no3cost-20260924-r01
A1+A2+A3,all_file_rows_diagnostic,wikipedia,10000,10000,58.667657621175074,57.957536069754681,7.178293241174611,50.12074661228214,68.545775799581918,4,TOPSIS_NO_3_COST,q1-topsis-no3cost-20260924-r01
A1,full,ALL,51230,51230,57.837004586756443,58.059927212576099,9.6632876094580684,45.070225936972285,70.2716264335142,,TOPSIS_NO_DSIR,q1-topsis-nodsir-20260924-r01
A1,full,arxiv,1419,1419,66.800663517912412,67.199819399025927,4.1292369482899138,62.073820217837643,71.434535281555668,1,TOPSIS_NO_DSIR,q1-topsis-nodsir-20260924-r01
A1,full,book,171,171,60.588044810113203,60.368971597370468,5.428891817296952,53.817505997716843,68.38508407297995,4,TOPSIS_NO_DSIR,q1-topsis-nodsir-20260924-r01
A1,full,c4,10000,10000,63.311304400608861,64.409623972372145,9.8058121448422053,49.551624485725704,74.990935862298244,2,TOPSIS_NO_DSIR,q1-topsis-nodsir-20260924-r01
A1,full,commoncrawl,9640,9640,61.625097273684631,62.489189919419147,8.0267782152965523,50.824764791298662,71.059505150831683,3,TOPSIS_NO_DSIR,q1-topsis-nodsir-20260924-r01
A1,full,github,10000,10000,47.334773057626109,47.292394304718982,6.0737554940802969,39.760487630538321,54.824174808241573,7,TOPSIS_NO_DSIR,q1-topsis-nodsir-20260924-r01
A1,full,stackexchange,10000,10000,58.069272242013781,58.093130640332809,6.6224070368100669,49.681830297621005,66.380723846995281,5,TOPSIS_NO_DSIR,q1-topsis-nodsir-20260924-r01
A1,full,wikipedia,10000,10000,57.661961306427806,57.402211101061951,8.4119392452654083,47.564276786096272,68.635887743219016,6,TOPSIS_NO_DSIR,q1-topsis-nodsir-20260924-r01
A1,fit,ALL,40919,40919,57.81563830609614,58.015753169834824,9.6601203677852272,45.07145459255964,70.236492512063379,,TOPSIS_NO_DSIR,q1-topsis-nodsir-20260924-r01
A1,fit,arxiv,1146,1146,66.789733755705342,67.262740689608052,4.1771770206724295,61.960930231692245,71.462779241767635,1,TOPSIS_NO_DSIR,q1-topsis-nodsir-20260924-r01
A1,fit,book,135,135,60.819702333181191,60.459342984100402,5.4555927903259409,54.018382794672092,68.949877625447527,4,TOPSIS_NO_DSIR,q1-topsis-nodsir-20260924-r01
A1,fit,c4,7944,7944,63.305445819904698,64.393136314165972,9.7665535217501169,49.685062370839795,74.942548006035011,2,TOPSIS_NO_DSIR,q1-topsis-nodsir-20260924-r01
A1,fit,commoncrawl,7676,7676,61.575394249576838,62.43114439922779,8.0200479493133514,50.832721847371943,71.021872188505284,3,TOPSIS_NO_DSIR,q1-topsis-nodsir-20260924-r01
A1,fit,github,8001,8001,47.308470643157214,47.279366151974855,6.0926259003428127,39.705994843335525,54.800798172006296,7,TOPSIS_NO_DSIR,q1-topsis-nodsir-20260924-r01
A1,fit,stackexchange,7957,7957,58.06026292434877,58.110484549190716,6.6344398272814162,49.647020103307881,66.391864661453354,5,TOPSIS_NO_DSIR,q1-topsis-nodsir-20260924-r01
A1,fit,wikipedia,8060,8060,57.686679353611858,57.364946433791381,8.4144019421342016,47.59535065469985,68.680293939605434,6,TOPSIS_NO_DSIR,q1-topsis-nodsir-20260924-r01
A1,holdout,ALL,10311,10311,57.921796249867548,58.243560506878985,9.6758502752153639,45.068106118097681,70.403742983064433,,TOPSIS_NO_DSIR,q1-topsis-nodsir-20260924-r01
A1,holdout,arxiv,273,273,66.846544497726654,67.131608880279188,3.9286612091183479,62.226383408374936,71.212970775886134,1,TOPSIS_NO_DSIR,q1-topsis-nodsir-20260924-r01
A1,holdout,book,36,36,59.719329098608227,59.555321087492374,5.312159760566697,53.186427894762829,66.385182100172528,4,TOPSIS_NO_DSIR,q1-topsis-nodsir-20260924-r01
A1,holdout,c4,2056,2056,63.333940862240105,64.466491449847283,9.9584165550888475,49.020926548337378,75.203046126122715,2,TOPSIS_NO_DSIR,q1-topsis-nodsir-20260924-r01
A1,holdout,commoncrawl,1964,1964,61.819354103140526,62.761659285350291,8.0521323154628295,50.794137739562593,71.174944507451528,3,TOPSIS_NO_DSIR,q1-topsis-nodsir-20260924-r01
A1,holdout,github,1999,1999,47.440048504432319,47.329474660928099,5.9979874267402904,40.063729538380635,54.870055220275717,7,TOPSIS_NO_DSIR,q1-topsis-nodsir-20260924-r01
A1,holdout,stackexchange,2043,2043,58.104361395543187,57.990264554869391,6.5768303541284201,49.878736343363187,66.378073715873867,5,TOPSIS_NO_DSIR,q1-topsis-nodsir-20260924-r01
A1,holdout,wikipedia,1940,1940,57.559266739261076,57.625947357781364,8.4030884709399842,47.34232299641598,68.614250507918086,6,TOPSIS_NO_DSIR,q1-topsis-nodsir-20260924-r01
A2,full,ALL,17523,17523,66.623607248930625,66.886468974587984,3.9652670131621091,62.176449505947851,71.140610666311687,,TOPSIS_NO_DSIR,q1-topsis-nodsir-20260924-r01
A2,full,arxiv,17523,17523,66.623607248930625,66.886468974587984,3.9652670131621091,62.176449505947851,71.140610666311687,1,TOPSIS_NO_DSIR,q1-topsis-nodsir-20260924-r01
A2,overlap_A1,ALL,1419,1419,66.800663517912412,67.199819399025927,4.1292369482899138,62.073820217837643,71.434535281555668,,TOPSIS_NO_DSIR,q1-topsis-nodsir-20260924-r01
A2,overlap_A1,arxiv,1419,1419,66.800663517912412,67.199819399025927,4.1292369482899138,62.073820217837643,71.434535281555668,1,TOPSIS_NO_DSIR,q1-topsis-nodsir-20260924-r01
A2,new_only,ALL,16104,16104,66.608005979327743,66.86727081332657,3.9502452337456471,62.183910774916022,71.110648088829876,,TOPSIS_NO_DSIR,q1-topsis-nodsir-20260924-r01
A2,new_only,arxiv,16104,16104,66.608005979327743,66.86727081332657,3.9502452337456471,62.183910774916022,71.110648088829876,1,TOPSIS_NO_DSIR,q1-topsis-nodsir-20260924-r01
A3,full,ALL,203752,203752,47.313321337658145,47.222241334831175,6.110044618799674,39.814422456158233,54.812246848085152,,TOPSIS_NO_DSIR,q1-topsis-nodsir-20260924-r01
A3,full,github,203752,203752,47.313321337658145,47.222241334831175,6.110044618799674,39.814422456158233,54.812246848085152,1,TOPSIS_NO_DSIR,q1-topsis-nodsir-20260924-r01
A3,overlap_A1,ALL,10000,10000,47.334773057626109,47.292394304718982,6.0737554940802969,39.760487630538321,54.824174808241573,,TOPSIS_NO_DSIR,q1-topsis-nodsir-20260924-r01
A3,overlap_A1,github,10000,10000,47.334773057626109,47.292394304718982,6.0737554940802969,39.760487630538321,54.824174808241573,1,TOPSIS_NO_DSIR,q1-topsis-nodsir-20260924-r01
A3,new_only,ALL,193752,193752,47.31221416354029,47.217792728795416,6.1119252818602288,39.817168246964307,54.812178725049797,,TOPSIS_NO_DSIR,q1-topsis-nodsir-20260924-r01
A3,new_only,github,193752,193752,47.31221416354029,47.217792728795416,6.1119252818602288,39.817168246964307,54.812178725049797,1,TOPSIS_NO_DSIR,q1-topsis-nodsir-20260924-r01
A1+A2+A3,unique_union,ALL,261086,261086,50.567557019085214,48.881787880715578,9.0061220497868657,40.568773839600311,64.887007812169841,,TOPSIS_NO_DSIR,q1-topsis-nodsir-20260924-r01
A1+A2+A3,unique_union,arxiv,17523,17523,66.623607248930625,66.886468974587984,3.9652670131621091,62.176449505947851,71.140610666311687,1,TOPSIS_NO_DSIR,q1-topsis-nodsir-20260924-r01
A1+A2+A3,unique_union,book,171,171,60.588044810113203,60.368971597370468,5.428891817296952,53.817505997716843,68.38508407297995,4,TOPSIS_NO_DSIR,q1-topsis-nodsir-20260924-r01
A1+A2+A3,unique_union,c4,10000,10000,63.311304400608861,64.409623972372145,9.8058121448422053,49.551624485725704,74.990935862298244,2,TOPSIS_NO_DSIR,q1-topsis-nodsir-20260924-r01
A1+A2+A3,unique_union,commoncrawl,9640,9640,61.625097273684631,62.489189919419147,8.0267782152965523,50.824764791298662,71.059505150831683,3,TOPSIS_NO_DSIR,q1-topsis-nodsir-20260924-r01
A1+A2+A3,unique_union,github,203752,203752,47.313321337658145,47.222241334831175,6.110044618799674,39.814422456158233,54.812246848085152,7,TOPSIS_NO_DSIR,q1-topsis-nodsir-20260924-r01
A1+A2+A3,unique_union,stackexchange,10000,10000,58.069272242013781,58.093130640332809,6.6224070368100669,49.681830297621005,66.380723846995281,5,TOPSIS_NO_DSIR,q1-topsis-nodsir-20260924-r01
A1+A2+A3,unique_union,wikipedia,10000,10000,57.661961306427806,57.402211101061951,8.4119392452654083,47.564276786096272,68.635887743219016,6,TOPSIS_NO_DSIR,q1-topsis-nodsir-20260924-r01
A1+A2+A3,all_file_rows_diagnostic,ALL,272505,261086,50.533454666861381,48.853439550808652,8.9949029066160975,40.552222120004835,64.875211449070548,,TOPSIS_NO_DSIR,q1-topsis-nodsir-20260924-r01
A1+A2+A3,all_file_rows_diagnostic,arxiv,18942,17523,66.636871046084323,66.904628371839323,3.9779452857956636,62.169200763238877,71.160728181809631,1,TOPSIS_NO_DSIR,q1-topsis-nodsir-20260924-r01
A1+A2+A3,all_file_rows_diagnostic,book,171,171,60.588044810113203,60.368971597370468,5.428891817296952,53.817505997716843,68.38508407297995,4,TOPSIS_NO_DSIR,q1-topsis-nodsir-20260924-r01
A1+A2+A3,all_file_rows_diagnostic,c4,10000,10000,63.311304400608861,64.409623972372145,9.8058121448422053,49.551624485725704,74.990935862298244,2,TOPSIS_NO_DSIR,q1-topsis-nodsir-20260924-r01
A1+A2+A3,all_file_rows_diagnostic,commoncrawl,9640,9640,61.625097273684631,62.489189919419147,8.0267782152965523,50.824764791298662,71.059505150831683,3,TOPSIS_NO_DSIR,q1-topsis-nodsir-20260924-r01
A1+A2+A3,all_file_rows_diagnostic,github,213752,203752,47.314324917506191,47.225541808474475,6.108339249698596,39.812089884548648,54.812382194478374,7,TOPSIS_NO_DSIR,q1-topsis-nodsir-20260924-r01
A1+A2+A3,all_file_rows_diagnostic,stackexchange,10000,10000,58.069272242013781,58.093130640332809,6.6224070368100669,49.681830297621005,66.380723846995281,5,TOPSIS_NO_DSIR,q1-topsis-nodsir-20260924-r01
A1+A2+A3,all_file_rows_diagnostic,wikipedia,10000,10000,57.661961306427806,57.402211101061951,8.4119392452654083,47.564276786096272,68.635887743219016,6,TOPSIS_NO_DSIR,q1-topsis-nodsir-20260924-r01
A1,full,ALL,51230,51230,59.703412010344451,59.958707189571413,9.2314020133940371,47.496446227881982,71.594090278554759,,TOPSIS_WEIGHT_SQUARED,q1-topsis-wsquared-20260924-r01
A1,full,arxiv,1419,1419,64.078506451079718,64.325625771387109,4.879136015484665,58.167785014567876,70.086023971446366,2,TOPSIS_WEIGHT_SQUARED,q1-topsis-wsquared-20260924-r01
A1,full,book,171,171,57.670400977371237,57.470061863609359,4.8114607813254819,51.664332798202153,64.385665427730558,6,TOPSIS_WEIGHT_SQUARED,q1-topsis-wsquared-20260924-r01
A1,full,c4,10000,10000,65.604706396013526,66.710547945551809,9.2106867132734838,52.506848875538417,76.614819722015653,1,TOPSIS_WEIGHT_SQUARED,q1-topsis-wsquared-20260924-r01
A1,full,commoncrawl,9640,9640,62.976077628194879,63.839470633787784,7.7208409170657806,52.465837980314625,72.062246204928471,3,TOPSIS_WEIGHT_SQUARED,q1-topsis-wsquared-20260924-r01
A1,full,github,10000,10000,49.246782545141372,49.325247739829294,5.9487662182367735,41.651523721945694,56.445283188136749,7,TOPSIS_WEIGHT_SQUARED,q1-topsis-wsquared-20260924-r01
A1,full,stackexchange,10000,10000,60.239770381214484,60.187596727690895,6.37578120305949,52.203894012079026,68.362836646616088,4,TOPSIS_WEIGHT_SQUARED,q1-topsis-wsquared-20260924-r01
A1,full,wikipedia,10000,10000,59.981477650924049,59.708132492931682,7.5393816524121462,50.790554978585803,69.842691923942795,5,TOPSIS_WEIGHT_SQUARED,q1-topsis-wsquared-20260924-r01
A1,fit,ALL,40919,40919,59.676693834526624,59.91132627128826,9.2309077953480241,47.479291518574968,71.567702859756224,,TOPSIS_WEIGHT_SQUARED,q1-topsis-wsquared-20260924-r01
A1,fit,arxiv,1146,1146,64.094352305803824,64.322122885104605,4.9034043270579986,58.200168061492725,70.047086365354318,2,TOPSIS_WEIGHT_SQUARED,q1-topsis-wsquared-20260924-r01
A1,fit,book,135,135,57.834313159273478,57.395716122761549,4.8079145059822013,51.936911980097626,64.485953717555503,6,TOPSIS_WEIGHT_SQUARED,q1-topsis-wsquared-20260924-r01
A1,fit,c4,7944,7944,65.600572540529399,66.727406257965058,9.1709705477312582,52.609343601206952,76.532722656007905,1,TOPSIS_WEIGHT_SQUARED,q1-topsis-wsquared-20260924-r01
A1,fit,commoncrawl,7676,7676,62.923163521426424,63.744935239365205,7.721406069741291,52.492211799367823,72.058801712262465,3,TOPSIS_WEIGHT_SQUARED,q1-topsis-wsquared-20260924-r01
A1,fit,github,8001,8001,49.214989628891402,49.321252240243751,5.9732281212643246,41.564973892226163,56.431825071361679,7,TOPSIS_WEIGHT_SQUARED,q1-topsis-wsquared-20260924-r01
A1,fit,stackexchange,7957,7957,60.227587835816855,60.216973453102646,6.3854755739782982,52.193121145908236,68.31623045186123,4,TOPSIS_WEIGHT_SQUARED,q1-topsis-wsquared-20260924-r01
A1,fit,wikipedia,8060,8060,59.990282272115707,59.675805786097712,7.5477417063486261,50.80149844700118,69.81514214749761,5,TOPSIS_WEIGHT_SQUARED,q1-topsis-wsquared-20260924-r01
A1,holdout,ALL,10311,10311,59.809442563762033,60.122764745077895,9.2330485022424629,47.565498179361825,71.652981006807252,,TOPSIS_WEIGHT_SQUARED,q1-topsis-wsquared-20260924-r01
A1,holdout,arxiv,273,273,64.011988687292828,64.43777176111773,4.7842050540227099,57.840784037350431,70.14055636015955,2,TOPSIS_WEIGHT_SQUARED,q1-topsis-wsquared-20260924-r01
A1,holdout,book,36,36,57.055730295237886,57.783524715346374,4.8425144477962876,50.760306618293313,63.825807214734617,6,TOPSIS_WEIGHT_SQUARED,q1-topsis-wsquared-20260924-r01
A1,holdout,c4,2056,2056,65.620678841522249,66.628443965381109,9.3648012079198928,52.03844282522531,76.874553375670985,1,TOPSIS_WEIGHT_SQUARED,q1-topsis-wsquared-20260924-r01
A1,holdout,commoncrawl,1964,1964,63.182884493548627,64.117282635071604,7.7171167234841285,52.37761774846453,72.075230009502945,3,TOPSIS_WEIGHT_SQUARED,q1-topsis-wsquared-20260924-r01
A1,holdout,github,1999,1999,49.374033732192913,49.331851328404262,5.849579136671017,42.045815086332865,56.487985406958977,7,TOPSIS_WEIGHT_SQUARED,q1-topsis-wsquared-20260924-r01
A1,holdout,stackexchange,2043,2043,60.287218503450816,60.054154265752281,6.3392157878769035,52.238606362367385,68.460661851066362,4,TOPSIS_WEIGHT_SQUARED,q1-topsis-wsquared-20260924-r01
A1,holdout,wikipedia,1940,1940,59.944897626797896,59.936187681305029,7.5063775252296114,50.741001461981668,69.924318861932647,5,TOPSIS_WEIGHT_SQUARED,q1-topsis-wsquared-20260924-r01
A2,full,ALL,17523,17523,63.773424525096694,63.810921900699476,4.7466910142332637,58.146100350782838,69.681043577072046,,TOPSIS_WEIGHT_SQUARED,q1-topsis-wsquared-20260924-r01
A2,full,arxiv,17523,17523,63.773424525096694,63.810921900699476,4.7466910142332637,58.146100350782838,69.681043577072046,1,TOPSIS_WEIGHT_SQUARED,q1-topsis-wsquared-20260924-r01
A2,overlap_A1,ALL,1419,1419,64.078506451079718,64.325625771387109,4.879136015484665,58.167785014567876,70.086023971446366,,TOPSIS_WEIGHT_SQUARED,q1-topsis-wsquared-20260924-r01
A2,overlap_A1,arxiv,1419,1419,64.078506451079718,64.325625771387109,4.879136015484665,58.167785014567876,70.086023971446366,1,TOPSIS_WEIGHT_SQUARED,q1-topsis-wsquared-20260924-r01
A2,new_only,ALL,16104,16104,63.746542306208859,63.764052629262181,4.7340559379025642,58.145451447907092,69.64641219407028,,TOPSIS_WEIGHT_SQUARED,q1-topsis-wsquared-20260924-r01
A2,new_only,arxiv,16104,16104,63.746542306208859,63.764052629262181,4.7340559379025642,58.145451447907092,69.64641219407028,1,TOPSIS_WEIGHT_SQUARED,q1-topsis-wsquared-20260924-r01
A3,full,ALL,203752,203752,49.239195306571339,49.279489613041434,5.9730278821252352,41.7356704730648,56.487146036368479,,TOPSIS_WEIGHT_SQUARED,q1-topsis-wsquared-20260924-r01
A3,full,github,203752,203752,49.239195306571339,49.279489613041434,5.9730278821252352,41.7356704730648,56.487146036368479,1,TOPSIS_WEIGHT_SQUARED,q1-topsis-wsquared-20260924-r01
A3,overlap_A1,ALL,10000,10000,49.246782545141372,49.325247739829294,5.9487662182367735,41.651523721945694,56.445283188136749,,TOPSIS_WEIGHT_SQUARED,q1-topsis-wsquared-20260924-r01
A3,overlap_A1,github,10000,10000,49.246782545141372,49.325247739829294,5.9487662182367735,41.651523721945694,56.445283188136749,1,TOPSIS_WEIGHT_SQUARED,q1-topsis-wsquared-20260924-r01
A3,new_only,ALL,193752,193752,49.238803711203538,49.278092821158737,5.9742924412270648,41.739968036932687,56.488947633971456,,TOPSIS_WEIGHT_SQUARED,q1-topsis-wsquared-20260924-r01
A3,new_only,github,193752,193752,49.238803711203538,49.278092821158737,5.9742924412270648,41.739968036932687,56.488947633971456,1,TOPSIS_WEIGHT_SQUARED,q1-topsis-wsquared-20260924-r01
A1+A2+A3,unique_union,ALL,261086,261086,52.187006623266825,50.854871020994636,8.3886024707482232,42.603223788012031,64.485598256510087,,TOPSIS_WEIGHT_SQUARED,q1-topsis-wsquared-20260924-r01
A1+A2+A3,unique_union,arxiv,17523,17523,63.773424525096694,63.810921900699476,4.7466910142332637,58.146100350782838,69.681043577072046,2,TOPSIS_WEIGHT_SQUARED,q1-topsis-wsquared-20260924-r01
A1+A2+A3,unique_union,book,171,171,57.670400977371237,57.470061863609359,4.8114607813254819,51.664332798202153,64.385665427730558,6,TOPSIS_WEIGHT_SQUARED,q1-topsis-wsquared-20260924-r01
A1+A2+A3,unique_union,c4,10000,10000,65.604706396013526,66.710547945551809,9.2106867132734838,52.506848875538417,76.614819722015653,1,TOPSIS_WEIGHT_SQUARED,q1-topsis-wsquared-20260924-r01
A1+A2+A3,unique_union,commoncrawl,9640,9640,62.976077628194879,63.839470633787784,7.7208409170657806,52.465837980314625,72.062246204928471,3,TOPSIS_WEIGHT_SQUARED,q1-topsis-wsquared-20260924-r01
A1+A2+A3,unique_union,github,203752,203752,49.239195306571339,49.279489613041434,5.9730278821252352,41.7356704730648,56.487146036368479,7,TOPSIS_WEIGHT_SQUARED,q1-topsis-wsquared-20260924-r01
A1+A2+A3,unique_union,stackexchange,10000,10000,60.239770381214484,60.187596727690895,6.37578120305949,52.203894012079026,68.362836646616088,4,TOPSIS_WEIGHT_SQUARED,q1-topsis-wsquared-20260924-r01
A1+A2+A3,unique_union,wikipedia,10000,10000,59.981477650924049,59.708132492931682,7.5393816524121462,50.790554978585803,69.842691923942795,5,TOPSIS_WEIGHT_SQUARED,q1-topsis-wsquared-20260924-r01
A1+A2+A3,all_file_rows_diagnostic,ALL,272505,261086,52.141032411690574,50.823359825018684,8.3602489481286053,42.583167430150141,64.410436428694481,,TOPSIS_WEIGHT_SQUARED,q1-topsis-wsquared-20260924-r01
A1+A2+A3,all_file_rows_diagnostic,arxiv,18942,17523,63.796279094464765,63.84904646624031,4.7572870630948438,58.148456810273721,69.729446496242232,2,TOPSIS_WEIGHT_SQUARED,q1-topsis-wsquared-20260924-r01
A1+A2+A3,all_file_rows_diagnostic,book,171,171,57.670400977371237,57.470061863609359,4.8114607813254819,51.664332798202153,64.385665427730558,6,TOPSIS_WEIGHT_SQUARED,q1-topsis-wsquared-20260924-r01
A1+A2+A3,all_file_rows_diagnostic,c4,10000,10000,65.604706396013526,66.710547945551809,9.2106867132734838,52.506848875538417,76.614819722015653,1,TOPSIS_WEIGHT_SQUARED,q1-topsis-wsquared-20260924-r01
A1+A2+A3,all_file_rows_diagnostic,commoncrawl,9640,9640,62.976077628194879,63.839470633787784,7.7208409170657806,52.465837980314625,72.062246204928471,3,TOPSIS_WEIGHT_SQUARED,q1-topsis-wsquared-20260924-r01
A1+A2+A3,all_file_rows_diagnostic,github,213752,203752,49.239550261779705,49.281026790694753,5.9718813902392789,41.733398519282332,56.484613219867583,7,TOPSIS_WEIGHT_SQUARED,q1-topsis-wsquared-20260924-r01
A1+A2+A3,all_file_rows_diagnostic,stackexchange,10000,10000,60.239770381214484,60.187596727690895,6.37578120305949,52.203894012079026,68.362836646616088,4,TOPSIS_WEIGHT_SQUARED,q1-topsis-wsquared-20260924-r01
A1+A2+A3,all_file_rows_diagnostic,wikipedia,10000,10000,59.981477650924049,59.708132492931682,7.5393816524121462,50.790554978585803,69.842691923942795,5,TOPSIS_WEIGHT_SQUARED,q1-topsis-wsquared-20260924-r01
