mapping_scenario,cost_family,Lctx,budget_flops,candidate_count,Q_A_min_0_100,Q_A_median_0_100,Q_A_max_0_100,Q_B_min,Q_B_median,Q_B_max,N_B_min,N_B_median,N_B_max,D_B_min,D_B_median,D_B_max,loss_min,loss_median,loss_max,quality_cost_share_min,quality_cost_share_median,quality_cost_share_max,budget_active_rate
M2_interval_high,exponential,2048,1e+19,6,62.4542230821855,63.53652213457976,63.84656172189968,0.8659729577625322,0.943070142449541,0.9651557012154008,0.4586092897280066,0.5390862488870698,0.5662817774823675,1.4525161271173834,1.5870608141520006,2.1157420924315846,3.274569854116581,3.3075195274234312,3.3198235524492428,0.37807716689610216,0.4519391379019818,0.4727889827797456,1.0
M2_interval_high,exponential,2048,1e+22,6,62.4542230821855,63.53652213457976,63.84656172189968,0.8659729577625322,0.943070142449541,0.9651557012154008,8.43691810522791,8.63036009848756,8.70171248090728,169.4069316982513,171.91645404225093,179.00538176650042,2.1056746701902433,2.1130764238332853,2.139391281132072,0.03198775873462277,0.049021462448209624,0.055141371182168906,1.0
M2_interval_high,exponential,2048,1e+24,6,62.4542230821855,63.53652213457976,63.84656172189968,0.8659729577625322,0.943070142449541,0.9651557012154008,11.965825000000002,11.965825000000002,11.965825000000002,299.89299999999986,299.89299999999986,299.89299999999986,2.0345521554191395,2.0425525924327346,2.0704808498317453,0.02276886818479102,0.03585192716858226,0.04071194461400945,0.0
M2_interval_high,exponential,4096,1e+19,6,62.4542230821855,63.53652213457976,63.84656172189968,0.8659729577625322,0.943070142449541,0.9651557012154008,0.4401203356824243,0.5167078859896195,0.5425986397002969,1.4378033365090237,1.5700603189070708,2.088449820415477,3.286243374333155,3.318680674627035,3.330832318264871,0.373200114575344,0.44710286250952913,0.4680000202506404,1.0
M2_interval_high,exponential,4096,1e+22,6,62.4542230821855,63.53652213457976,63.84656172189968,0.8659729577625322,0.943070142449541,0.9651557012154008,8.16819009763431,8.350475036966184,8.417754421055859,164.86057398728866,167.24021728296918,173.95087759811443,2.110803772834912,2.1182171815833906,2.144564220380047,0.031084533042406052,0.04768836160411134,0.0536615474491196,1.0
M2_interval_high,exponential,4096,1e+24,6,62.4542230821855,63.53652213457976,63.84656172189968,0.8659729577625322,0.943070142449541,0.9651557012154008,11.965825000000002,11.965825000000002,11.965825000000002,299.89299999999986,299.89299999999986,299.89299999999986,2.0345521554191395,2.0425525924327346,2.0704808498317453,0.021430549268474132,0.03377134756607133,0.038360359380407744,0.0
M2_interval_high,exponential,8192,1e+19,6,62.4542230821855,63.53652213457976,63.84656172189968,0.8659729577625322,0.943070142449541,0.9651557012154008,0.4082640527929447,0.4782009127662412,0.501859971865864,1.4107610396627193,1.5388465036965409,2.038546450047724,3.3079722220828303,3.339466105788432,3.351336641684111,0.36428252251382914,0.4382230317346376,0.45919784602415337,1.0
M2_interval_high,exponential,8192,1e+22,6,62.4542230821855,63.53652213457976,63.84656172189968,0.8659729577625322,0.943070142449541,0.9651557012154008,7.698681128150999,7.862148509455206,7.922544945247248,156.81223858795593,158.96994288401206,165.03671502585567,2.1203210195510427,2.1277552776061057,2.1541597964946244,0.029491597238469634,0.045330632938438684,0.051041842073449965,1.0
M2_interval_high,exponential,8192,1e+24,6,62.4542230821855,63.53652213457976,63.84656172189968,0.8659729577625322,0.943070142449541,0.9651557012154008,11.965825000000002,11.965825000000002,11.965825000000002,299.89299999999986,299.89299999999986,299.89299999999986,2.0345521554191395,2.0425525924327346,2.0704808498317453,0.019176248689549143,0.030259299172324505,0.03438777648533817,0.0
M2_interval_high,exponential,32768,1e+19,6,62.4542230821855,63.53652213457976,63.84656172189968,0.8659729577625322,0.943070142449541,0.9651557012154008,0.2948420850508122,0.3417307151688147,0.357648648948107,1.2911983393108335,1.4013811906847908,1.8220573341635409,3.4086465741619665,3.4359425023865295,3.4465534503386466,0.32559652581807536,0.39911351281136215,0.420280599996519,1.0
M2_interval_high,exponential,32768,1e+22,6,62.4542230821855,63.53652213457976,63.84656172189968,0.8659729577625322,0.943070142449541,0.9651557012154008,5.947444746528295,6.048648533853779,6.086204360651504,125.5355022455313,126.93041937884877,130.8064761416602,2.163941754502603,2.1714600129346238,2.198094992876262,0.02337474973354075,0.03619615583463624,0.04086137241535337,1.0
M2_interval_high,exponential,32768,1e+24,6,62.4542230821855,63.53652213457976,63.84656172189968,0.8659729577625322,0.943070142449541,0.9651557012154008,11.965825000000002,11.965825000000002,11.965825000000002,299.89299999999986,299.89299999999986,299.89299999999986,2.0345521554191395,2.0425525924327346,2.0704808498317453,0.011756304937152314,0.01863293149669422,0.02120924983082904,0.0
M2_interval_high,exponential,131072,1e+19,6,62.4542230821855,63.53652213457976,63.84656172189968,0.8659729577625322,0.943070142449541,0.9651557012154008,0.16170004365025564,0.18342688995303114,0.1908673970403007,1.063417527644758,1.1421634431316565,1.4293796841425237,3.6262200630719392,3.645383764328421,3.653509823400571,0.2554261331437875,0.3253509274280802,0.3461387324925186,1.0
M2_interval_high,exponential,131072,1e+22,6,62.4542230821855,63.53652213457976,63.84656172189968,0.8659729577625322,0.943070142449541,0.9651557012154008,3.6605795840774693,3.700983515744646,3.716071991926388,81.32329589818039,81.91593520756103,83.53496805230152,2.255965952915362,2.263613760005234,2.2906007980638465,0.014927464066125575,0.02336113596428903,0.02647045194624373,1.0
M2_interval_high,exponential,131072,1e+24,6,62.4542230821855,63.53652213457976,63.84656172189968,0.8659729577625322,0.943070142449541,0.9651557012154008,11.965825000000002,11.965825000000002,11.965825000000002,299.89299999999986,299.89299999999986,299.89299999999986,2.0345521554191395,2.0425525924327346,2.0704808498317453,0.0046144121047041325,0.00734477294121705,0.008373400397539602,0.0
M2_interval_high,logarithmic,2048,1e+19,6,62.4542230821855,63.53652213457976,63.84656172189968,0.8659729577625322,0.943070142449541,0.9651557012154008,0.5593377064433407,0.569426138148394,0.5721509730247745,1.426050034566249,1.4382543081930153,1.4848321626068552,3.32418248931599,3.3301600697774667,3.350585262284278,0.46766822386586493,0.4750698589964238,0.47703053521264566,1.0
M2_interval_high,logarithmic,2048,1e+22,6,62.4542230821855,63.53652213457976,63.84656172189968,0.8659729577625322,0.943070142449541,0.9651557012154008,8.683163747555325,8.710174850665364,8.717536828337742,168.85890026661488,169.11354585833766,170.05286328855945,2.1058077330915395,2.1137462616420466,2.1414475087297635,0.053560478106646436,0.05586060605515815,0.05648529127112536,1.0
M2_interval_high,logarithmic,2048,1e+24,6,62.4542230821855,63.53652213457976,63.84656172189968,0.8659729577625322,0.943070142449541,0.9651557012154008,11.965825000000002,11.965825000000002,11.965825000000002,299.89299999999986,299.89299999999986,299.89299999999986,2.0345521554191395,2.0425525924327346,2.0704808498317453,0.03944650045029982,0.04128970911735428,0.0417924129668815,0.0
M2_interval_high,logarithmic,4096,1e+19,6,62.4542230821855,63.53652213457976,63.84656172189968,0.8659729577625322,0.943070142449541,0.9651557012154008,0.5359873240437419,0.5455924643394563,0.5481867903409119,1.4117687267671164,1.4237745588110253,1.4695850907636534,3.3351597239368327,3.3411518979051564,3.361631875926649,0.4628659497859166,0.4702870973173156,0.4722532695228469,1.0
M2_interval_high,logarithmic,4096,1e+22,6,62.4542230821855,63.53652213457976,63.84656172189968,0.8659729577625322,0.943070142449541,0.9651557012154008,8.400260779983533,8.425737284082071,8.43268033334672,164.34055882297696,164.58217810810163,165.47334116773612,2.1109342686167922,2.118873990708088,2.14657962792945,0.05211809489985404,0.05436383451814503,0.05497385283283327,1.0
M2_interval_high,logarithmic,4096,1e+24,6,62.4542230821855,63.53652213457976,63.84656172189968,0.8659729577625322,0.943070142449541,0.9651557012154008,11.965825000000002,11.965825000000002,11.965825000000002,299.89299999999986,299.89299999999986,299.89299999999986,2.0345521554191395,2.0425525924327346,2.0704808498317453,0.03716517739740927,0.038906106826492634,0.03938098025573408,0.0
M2_interval_high,logarithmic,8192,1e+19,6,62.4542230821855,63.53652213457976,63.84656172189968,0.8659729577625322,0.943070142449541,0.9651557012154008,0.4958177524827556,0.5045962690394388,0.5069674681507977,1.3855139871091713,1.397157694609437,1.4415679322399442,3.355605848419703,3.3616249594783962,3.3822060448329614,0.4540415620237666,0.4614953609099116,0.4634707498301982,1.0
M2_interval_high,logarithmic,8192,1e+22,6,62.4542230821855,63.53652213457976,63.84656172189968,0.8659729577625322,0.943070142449541,0.9651557012154008,7.906841933703988,7.929713666543605,7.935949066269444,156.34021038692944,156.55955213319947,157.36815391199926,2.1204469205806054,2.1283887790178033,2.1561022727624266,0.04956525517598923,0.05171385332147644,0.052297642038148615,1.0
M2_interval_high,logarithmic,8192,1e+24,6,62.4542230821855,63.53652213457976,63.84656172189968,0.8659729577625322,0.943070142449541,0.9651557012154008,11.965825000000002,11.965825000000002,11.965825000000002,299.89299999999986,299.89299999999986,299.89299999999986,2.0345521554191395,2.0425525924327346,2.0704808498317453,0.03331207945771468,0.034879059530336896,0.035306582879281755,0.0
M2_interval_high,logarithmic,32768,1e+19,6,62.4542230821855,63.53652213457976,63.84656172189968,0.8659729577625322,0.943070142449541,0.9651557012154008,0.35358077612928124,0.3594912004570505,0.36108812160532905,1.2693458394301853,1.2794283700939113,1.317809783990065,3.4505613614271233,3.4567014287350064,3.477736233004888,0.41506223840783707,0.42260851685622813,0.42461113598846706,1.0
M2_interval_high,logarithmic,32768,1e+22,6,62.4542230821855,63.53652213457976,63.84656172189968,0.8659729577625322,0.943070142449541,0.9651557012154008,6.076426637222249,6.090667043606135,6.094549802625811,125.22907810767104,125.37151621263513,125.8959600341424,2.1640491107955735,2.171999592835438,2.1997447812428663,0.03965265671356,0.04141201972326257,0.041890601806367354,1.0
M2_interval_high,logarithmic,32768,1e+24,6,62.4542230821855,63.53652213457976,63.84656172189968,0.8659729577625322,0.943070142449541,0.9651557012154008,11.965825000000002,11.965825000000002,11.965825000000002,299.89299999999986,299.89299999999986,299.89299999999986,2.0345521554191395,2.0425525924327346,2.0704808498317453,0.02053702753621836,0.021516458724440662,0.021783883038938547,0.0
M2_interval_high,logarithmic,131072,1e+19,6,62.4542230821855,63.53652213457976,63.84656172189968,0.8659729577625322,0.943070142449541,0.9651557012154008,0.18896290188313095,0.19173054173847515,0.19247892891779067,1.047590901663382,1.0549001070181387,1.082606860034796,3.6569995424145425,3.6633795745390096,3.6853130077252505,0.3409818564873902,0.34844509203833696,0.35043149706670546,1.0
M2_interval_high,logarithmic,131072,1e+22,6,62.4542230821855,63.53652213457976,63.84656172189968,0.8659729577625322,0.943070142449541,0.9651557012154008,3.7121388862552496,3.7178685256347874,3.719433900081529,81.19226012527102,81.2532204308963,81.47703930974332,2.2560446082878616,2.2640084403019074,2.2918026357148333,0.025662309329929942,0.026839128901447365,0.027159767444266826,1.0
M2_interval_high,logarithmic,131072,1e+24,6,62.4542230821855,63.53652213457976,63.84656172189968,0.8659729577625322,0.943070142449541,0.9651557012154008,11.965825000000002,11.965825000000002,11.965825000000002,299.89299999999986,299.89299999999986,299.89299999999986,2.0345521554191395,2.0425525924327346,2.0704808498317453,0.008104638747048096,0.00849630267377831,0.008603322073530466,0.0
M2_interval_high,power,2048,1e+19,6,62.4542230821855,63.53652213457976,63.84656172189968,0.8659729577625322,0.943070142449541,0.9651557012154008,0.5363493389942577,0.6102487238117009,0.6328888810690833,1.1912187714632272,1.2717603175453513,1.600229539154381,3.3334066145343684,3.360281200306683,3.368832970195613,0.4498755336654137,0.5027211599602875,0.5167744134062066,1.0
M2_interval_high,power,2048,1e+22,6,62.4542230821855,63.53652213457976,63.84656172189968,0.8659729577625322,0.943070142449541,0.9651557012154008,8.623132221067172,8.8235300473143,8.888795106517431,163.10068718247265,165.26137537487625,172.16994390753567,2.107253578432635,2.114701887610668,2.1409439871982787,0.048402459460532905,0.06537131478779007,0.07075632449996276,1.0
M2_interval_high,power,2048,1e+24,6,62.4542230821855,63.53652213457976,63.84656172189968,0.8659729577625322,0.943070142449541,0.9651557012154008,11.965825000000002,11.965825000000002,11.965825000000002,299.89299999999986,299.89299999999986,299.89299999999986,2.0345521554191395,2.0425525924327346,2.0704808498317453,0.03535917749296241,0.04905078495709739,0.053535309300378385,0.0
M2_interval_high,power,4096,1e+19,6,62.4542230821855,63.53652213457976,63.84656172189968,0.8659729577625322,0.943070142449541,0.9651557012154008,0.5141022362848354,0.5844638784273912,0.6060245934890138,1.1805257705521088,1.2598818468385375,1.5830086844081606,3.344582922258548,3.37106366515466,3.3795063337925586,0.4450342024504225,0.49802804824118485,0.512135576774379,1.0
M2_interval_high,power,4096,1e+22,6,62.4542230821855,63.53652213457976,63.84656172189968,0.8659729577625322,0.943070142449541,0.9651557012154008,8.343656738940314,8.532666319984436,8.594256228215524,158.87099631959384,160.9246146500634,167.48067073168693,2.1123526973274402,2.119811382905462,2.146085924479041,0.047084155291673334,0.06365610864364435,0.06892140041535647,1.0
M2_interval_high,power,4096,1e+24,6,62.4542230821855,63.53652213457976,63.84656172189968,0.8659729577625322,0.943070142449541,0.9651557012154008,11.965825000000002,11.965825000000002,11.965825000000002,299.89299999999986,299.89299999999986,299.89299999999986,2.0345521554191395,2.0425525924327346,2.0704808498317453,0.03330604168045176,0.046240902871702065,0.05048200537750934,0.0
M2_interval_high,power,8192,1e+19,6,62.4542230821855,63.53652213457976,63.84656172189968,0.8659729577625322,0.943070142449541,0.9651557012154008,0.47581972148010493,0.5401304427353089,0.5598441431615001,1.1608317878413468,1.238018025579458,1.5513929648120306,3.365396326083673,3.391150085499601,3.399391133198488,0.436146015863739,0.48938971669811715,0.5035919350799997,1.0
M2_interval_high,power,8192,1e+22,6,62.4542230821855,63.53652213457976,63.84656172189968,0.8659729577625322,0.943070142449541,0.9651557012154008,7.856031589305819,8.025794044734173,8.081165365015174,151.3652252528832,153.2350529980717,159.18793659165252,2.121816227348876,2.1292935139836913,2.1556261307520286,0.04475280337913842,0.06061482413772221,0.06566524752970203,1.0
M2_interval_high,power,8192,1e+24,6,62.4542230821855,63.53652213457976,63.84656172189968,0.8659729577625322,0.943070142449541,0.9651557012154008,11.965825000000002,11.965825000000002,11.965825000000002,299.89299999999986,299.89299999999986,299.89299999999986,2.0345521554191395,2.0425525924327346,2.0704808498317453,0.029840639488135264,0.04148765135169722,0.045313261231481106,0.0
M2_interval_high,power,32768,1e+19,6,62.4542230821855,63.53652213457976,63.84656172189968,0.8659729577625322,0.943070142449541,0.9651557012154008,0.3401282098834017,0.38344283624343645,0.3967455096394768,1.0731014439224293,1.1408524593938774,1.4121995443192352,3.461998145845602,3.4844872062153938,3.491818933304479,0.3970143083210246,0.4509986936485788,0.4655327656793433,1.0
M2_interval_high,power,32768,1e+22,6,62.4542230821855,63.53652213457976,63.84656172189968,0.8659729577625322,0.943070142449541,0.9651557012154008,6.044840981932388,6.1506116827757005,6.185244531103721,121.97310804994424,123.20196422703577,127.07152876829035,2.1652195029735215,2.1727722410140777,2.1993393711636458,0.03572385737141332,0.048736099086319824,0.0529143620582912,1.0
M2_interval_high,power,32768,1e+24,6,62.4542230821855,63.53652213457976,63.84656172189968,0.8659729577625322,0.943070142449541,0.9651557012154008,11.965825000000002,11.965825000000002,11.965825000000002,299.89299999999986,299.89299999999986,299.89299999999986,2.0345521554191395,2.0425525924327346,2.0704808498317453,0.01837157060412178,0.025661003728611943,0.028069441890222653,0.0
M2_interval_high,power,131072,1e+19,6,62.4542230821855,63.53652213457976,63.84656172189968,0.8659729577625322,0.943070142449541,0.9651557012154008,0.18267729181074233,0.2029795812754909,0.2092452760615675,0.9026158658502131,0.9532073764296938,1.1499330928688551,3.6716872659286595,3.687697653238394,3.6932041621081377,0.3232828486014058,0.37685231054872237,0.3915727285195967,1.0
M2_interval_high,power,131072,1e+22,6,62.4542230821855,63.53652213457976,63.84656172189968,0.8659729577625322,0.943070142449541,0.9651557012154008,3.6994549034289514,3.7420782071761547,3.7561206000669194,79.7833909648133,80.3184686981428,81.97592217689227,2.256905106066132,2.2645757936734325,2.2915062441297427,0.023046044854615526,0.03177363436248163,0.03461162303103046,1.0
M2_interval_high,power,131072,1e+24,6,62.4542230821855,63.53652213457976,63.84656172189968,0.8659729577625322,0.943070142449541,0.9651557012154008,11.965825000000002,11.965825000000002,11.965825000000002,299.89299999999986,299.89299999999986,299.89299999999986,2.0345521554191395,2.0425525924327346,2.0704808498317453,0.007240382351199626,0.010159102078715178,0.011129007060663592,0.0
M2_interval_low,exponential,2048,1e+19,6,54.69684695534518,57.21373514416787,59.85412215681664,0.31337905258027526,0.4926686796948404,0.6807557012154007,0.2592520824986402,0.2834654745896492,0.33795003228927506,3.6469119582369744,5.015818442751382,5.851258704155144,3.249344882401578,3.27681854210498,3.324268408784929,0.027695084290394616,0.0920603309948585,0.21003345595958153,1.0
M2_interval_low,exponential,2048,1e+22,6,54.69684695534518,57.21373514416787,59.85412215681664,0.31337905258027526,0.4926686796948404,0.6807557012154007,8.103376725953042,8.131628215852611,8.207238598982464,188.0369468995153,191.16833904594455,192.3567606567111,2.2045912116912088,2.272106976276101,2.3368238225276956,0.0009104599488020346,0.0036281092701183023,0.010829449753012378,1.0
M2_interval_low,exponential,2048,1e+24,6,54.69684695534518,57.21373514416787,59.85412215681664,0.31337905258027526,0.4926686796948404,0.6807557012154007,11.965824999999997,11.965825000000002,11.965825000000002,299.8929999999996,299.89299999999986,299.89299999999986,2.1375753259346917,2.205709367038331,2.2706565745836675,0.0006167538668192332,0.0024709427567499967,0.007453163260565695,0.0
M2_interval_low,exponential,4096,1e+19,6,54.69684695534518,57.21373514416787,59.85412215681664,0.31337905258027526,0.4926686796948404,0.6807557012154007,0.25103328429168553,0.2738833794758185,0.3254678564091146,3.577367276829651,4.890650729662868,5.684473048409515,3.2620502841753978,3.2901616098705295,3.337938969388084,0.026905657087149256,0.08983361617983444,0.2060282290861609,1.0
M2_interval_low,exponential,4096,1e+22,6,54.69684695534518,57.21373514416787,59.85412215681664,0.31337905258027526,0.4926686796948404,0.6807557012154007,7.85434195998576,7.880900247538193,7.952004463315002,182.47432560591997,185.42250264723026,186.5405037341029,2.20980357764357,2.2773326253041626,2.342054468898367,0.0008829305343860992,0.0035192157993254617,0.01050908650107216,1.0
M2_interval_low,exponential,4096,1e+24,6,54.69684695534518,57.21373514416787,59.85412215681664,0.31337905258027526,0.4926686796948404,0.6807557012154007,11.965824999999997,11.965825000000002,11.965825000000002,299.8929999999996,299.89299999999986,299.89299999999986,2.1375753259346917,2.205709367038331,2.2706565745836675,0.0005797295925381587,0.0023229298238796473,0.0070086214312915195,0.0
M2_interval_low,exponential,8192,1e+19,6,54.69684695534518,57.21373514416787,59.85412215681664,0.31337905258027526,0.4926686796948404,0.6807557012154007,0.23666839893538252,0.2572133663703845,0.3038680201890556,3.4518623909194117,4.668053590824083,5.390545743121421,3.285666907847134,3.314931335914761,3.363295741331661,0.025514445057948525,0.08586571083973721,0.19880013440514868,1.0
M2_interval_low,exponential,8192,1e+22,6,54.69684695534518,57.21373514416787,59.85412215681664,0.31337905258027526,0.4926686796948404,0.6807557012154007,7.4179503340203325,7.44167254023682,7.505206444126048,172.70056453303272,175.3402937559476,176.34008514625972,2.2194693773133576,2.2870220312833442,2.3517527497953252,0.0008346500759631117,0.00332811810906628,0.009946194706761346,1.0
M2_interval_low,exponential,8192,1e+24,6,54.69684695534518,57.21373514416787,59.85412215681664,0.31337905258027526,0.4926686796948404,0.6807557012154007,11.965824999999997,11.965825000000002,11.965825000000002,299.8929999999996,299.89299999999986,299.89299999999986,2.1375753259346917,2.205709367038331,2.2706565745836675,0.0005175871710148109,0.002074409756272832,0.006261670298829139,0.0
M2_interval_low,exponential,32768,1e+19,6,54.69684695534518,57.21373514416787,59.85412215681664,0.31337905258027526,0.4926686796948404,0.6807557012154007,0.18302629875081666,0.19588242193960298,0.22581015354570178,2.9319909557122523,3.790026419432591,4.264445453519109,3.3945488325166715,3.428628569569824,3.4793743160624344,0.020184405144001716,0.07011238432524611,0.16885962708248925,1.0
M2_interval_low,exponential,32768,1e+22,6,54.69684695534518,57.21373514416787,59.85412215681664,0.31337905258027526,0.4926686796948404,0.6807557012154007,5.7753767389984,5.789825034957063,5.828605388957052,135.60075516543253,137.22549127152212,137.8376826838866,2.263683657195752,2.331329484128797,2.3960951560830734,0.0006524111192714125,0.0026054256718657316,0.007809537374156109,1.0
M2_interval_low,exponential,32768,1e+24,6,54.69684695534518,57.21373514416787,59.85412215681664,0.31337905258027526,0.4926686796948404,0.6807557012154007,11.965824999999997,11.965825000000002,11.965825000000002,299.8929999999996,299.89299999999986,299.89299999999986,2.1375753259346917,2.205709367038331,2.2706565745836675,0.00031499643225918277,0.0012634099205389117,0.0038193579668595406,0.0
M2_interval_low,exponential,131072,1e+19,6,54.69684695534518,57.21373514416787,59.85412215681664,0.31337905258027526,0.4926686796948404,0.6807557012154007,0.1128175107416915,0.11803641425967751,0.1306999028219664,2.0892789305208628,2.509345017391273,2.7161511315887976,3.6271237429065555,3.669217150462292,3.7236889241501028,0.012856043176046543,0.04682509016012469,0.12032604002125939,1.0
M2_interval_low,exponential,131072,1e+22,6,54.69684695534518,57.21373514416787,59.85412215681664,0.31337905258027526,0.4926686796948404,0.6807557012154007,3.5928466594550215,3.5984877416664443,3.6136653065002644,85.47886639440497,86.12307336747523,86.3641901124757,2.356608626189677,2.424392585715555,2.4892098702072607,0.0004087776059429943,0.0016358129885971212,0.004922910650414074,1.0
M2_interval_low,exponential,131072,1e+24,6,54.69684695534518,57.21373514416787,59.85412215681664,0.31337905258027526,0.4926686796948404,0.6807557012154007,11.965824999999997,11.965825000000002,11.965825000000002,299.8929999999996,299.89299999999986,299.89299999999986,2.1375753259346917,2.205709367038331,2.2706565745836675,0.00012277427371410675,0.0004927846438491131,0.001491839576179864,0.0
M2_interval_low,logarithmic,2048,1e+19,6,54.69684695534518,57.21373514416787,59.85412215681664,0.31337905258027526,0.4926686796948404,0.6807557012154007,0.4295188090687044,0.48817917163175223,0.5302253366047127,1.6333404825970537,1.898894061124445,2.3780426898472373,3.3959061873124505,3.432272933188607,3.452502490432013,0.34531444150202517,0.40723681934028555,0.4449039584410824,1.0
M2_interval_low,logarithmic,2048,1e+22,6,54.69684695534518,57.21373514416787,59.85412215681664,0.31337905258027526,0.4926686796948404,0.6807557012154007,8.374494941255092,8.505265538344641,8.607504583919427,172.72782645349562,176.4587261761025,181.39188453114642,2.2079076105888706,2.2751884182259907,2.3390497646654116,0.026339828787483494,0.038070745198794956,0.04704915756443372,1.0
M2_interval_low,logarithmic,2048,1e+24,6,54.69684695534518,57.21373514416787,59.85412215681664,0.31337905258027526,0.4926686796948404,0.6807557012154007,11.965824999999997,11.965825000000002,11.965825000000002,299.8929999999996,299.89299999999986,299.89299999999986,2.1375753259346917,2.205709367038331,2.2706565745836675,0.018581289662897026,0.027377294245457484,0.03429726052091457,0.0
M2_interval_low,logarithmic,4096,1e+19,6,54.69684695534518,57.21373514416787,59.85412215681664,0.31337905258027526,0.4926686796948404,0.6807557012154007,0.4124519299808697,0.4682561449483786,0.5082725497202619,1.615534453368772,1.876029162664861,2.344837738560671,3.407118243756296,3.443748203586006,3.4643904479724563,0.3404927664088716,0.4023553182740197,0.4400537921877953,1.0
M2_interval_low,logarithmic,4096,1e+22,6,54.69684695534518,57.21373514416787,59.85412215681664,0.31337905258027526,0.4926686796948404,0.6807557012154007,8.109408528706314,8.232576864583018,8.328925373263997,168.00934761712494,171.5418127345567,176.205946010404,2.2130521177365585,2.280349902134685,2.344233286640848,0.025586781135477292,0.03701084843729467,0.04576389589695387,1.0
M2_interval_low,logarithmic,4096,1e+24,6,54.69684695534518,57.21373514416787,59.85412215681664,0.31337905258027526,0.4926686796948404,0.6807557012154007,11.965824999999997,11.965825000000002,11.965825000000002,299.8929999999996,299.89299999999986,299.89299999999986,2.1375753259346917,2.205709367038331,2.2706565745836675,0.01748470619839148,0.025775698144881468,0.03230372020138771,0.0
M2_interval_low,logarithmic,8192,1e+19,6,54.69684695534518,57.21373514416787,59.85412215681664,0.31337905258027526,0.4926686796948404,0.6807557012154007,0.3830259273546753,0.43394790494013147,0.4704935518513123,1.5828525630806571,1.8341540459194254,2.2842521240783773,3.427997560026815,3.4651123138866113,3.4865131260632043,0.3316951583097207,0.39341434174224876,0.43115160522020557,1.0
M2_interval_low,logarithmic,8192,1e+22,6,54.69684695534518,57.21373514416787,59.85412215681664,0.31337905258027526,0.4926686796948404,0.6807557012154007,7.646024853270009,7.7563943095918715,7.842808552726775,159.66687432195815,162.86147257939209,167.06904841589778,2.2225969186463894,2.2899250305701147,2.3538477336966115,0.024260016606231623,0.03513957604202948,0.04349149805235534,1.0
M2_interval_low,logarithmic,8192,1e+24,6,54.69684695534518,57.21373514416787,59.85412215681664,0.31337905258027526,0.4926686796948404,0.6807557012154007,11.965824999999997,11.965825000000002,11.965825000000002,299.8929999999996,299.89299999999986,299.89299999999986,2.1375753259346917,2.205709367038331,2.2706565745836675,0.015638839413470423,0.023075792641590896,0.02893948475990029,0.0
M2_interval_low,logarithmic,32768,1e+19,6,54.69684695534518,57.21373514416787,59.85412215681664,0.31337905258027526,0.4926686796948404,0.6807557012154007,0.2780125104968901,0.3120329445714485,0.3365483299299318,1.4391009233296532,1.6514257542838613,2.023409607404717,3.524894134651903,3.5641684677183583,3.5889236610471666,0.29381834123252154,0.35438442114903057,0.3919952417802721,1.0
M2_interval_low,logarithmic,32768,1e+22,6,54.69684695534518,57.21373514416787,59.85412215681664,0.31337905258027526,0.4926686796948404,0.6807557012154007,5.9150004939314345,5.983111951289986,6.036632192054084,127.37984440042129,129.42335615449934,132.08880072414226,2.266328638605462,2.333778408366663,2.3978581989484993,0.019180551571005518,0.027929641966104396,0.034696866699339954,1.0
M2_interval_low,logarithmic,32768,1e+24,6,54.69684695534518,57.21373514416787,59.85412215681664,0.31337905258027526,0.4926686796948404,0.6807557012154007,11.965824999999997,11.965825000000002,11.965825000000002,299.8929999999996,299.89299999999986,299.89299999999986,2.1375753259346917,2.205709367038331,2.2706565745836675,0.009574278841663448,0.014170184492188518,0.017810410797262418,0.0
M2_interval_low,logarithmic,131072,1e+19,6,54.69684695534518,57.21373514416787,59.85412215681664,0.31337905258027526,0.4926686796948404,0.6807557012154007,0.154001994144974,0.16963321544100313,0.18100815426647107,1.1689126809693733,1.3149558377255368,1.5592895551320172,3.735161693793859,3.7786313778006173,3.8097801885657847,0.22642369044483882,0.28244650555444306,0.3183989403167032,1.0
M2_interval_low,logarithmic,131072,1e+22,6,54.69684695534518,57.21373514416787,59.85412215681664,0.31337905258027526,0.4926686796948404,0.6807557012154007,3.6477114689723953,3.674781122573756,3.6961633330181156,82.1061380876015,82.96124558270805,84.06121126184348,2.358523914353151,2.4261597152571124,2.4904778318626892,0.012206488278284196,0.01790744875496495,0.02236480772789927,1.0
M2_interval_low,logarithmic,131072,1e+24,6,54.69684695534518,57.21373514416787,59.85412215681664,0.31337905258027526,0.4926686796948404,0.6807557012154007,11.965824999999997,11.965825000000002,11.965825000000002,299.8929999999996,299.89299999999986,299.89299999999986,2.1375753259346917,2.205709367038331,2.2706565745836675,0.0037529213396563176,0.005570675904238869,0.007016794424503077,0.0
M2_interval_low,power,2048,1e+19,6,54.69684695534518,57.21373514416787,59.85412215681664,0.31337905258027526,0.4926686796948404,0.6807557012154007,0.25932510682130333,0.30341317929411554,0.39334596041367453,2.7820131387610165,4.48901654508874,5.848320122422381,3.284906277286343,3.295017406453818,3.324320051377842,0.027909654507195382,0.13665631400394757,0.2986015549480246,1.0
M2_interval_low,power,2048,1e+22,6,54.69684695534518,57.21373514416787,59.85412215681664,0.31337905258027526,0.4926686796948404,0.6807557012154007,8.103454167349105,8.158615803931063,8.302915804469654,184.19022302364195,190.04769050060787,192.35347855384063,2.2053774657832306,2.272327540337556,2.3368244548955612,0.0009179591775604692,0.006202733154650514,0.019769671909448366,1.0
M2_interval_low,power,2048,1e+24,6,54.69684695534518,57.21373514416787,59.85412215681664,0.31337905258027526,0.4926686796948404,0.6807557012154007,11.965824999999997,11.965825000000002,11.965825000000002,299.8929999999996,299.89299999999986,299.89299999999986,2.1375753259346917,2.205709367038331,2.2706565745836675,0.000621841357417145,0.004247964073572042,0.013801417308009966,0.0
M2_interval_low,power,4096,1e+19,6,54.69684695534518,57.21373514416787,59.85412215681664,0.31337905258027526,0.4926686796948404,0.6807557012154007,0.2511020213583332,0.29276116204364383,0.3780656063273881,2.7386500429270795,4.38596526508043,5.681697384095158,3.2977136558520166,3.3078037123621735,3.337989552184546,0.02711448889341052,0.13371148993778542,0.29394726785526665,1.0
M2_interval_low,power,4096,1e+22,6,54.69684695534518,57.21373514416787,59.85412215681664,0.31337905258027526,0.4926686796948404,0.6807557012154007,7.854414611429221,7.906277381700097,8.042022139597675,178.84772775881058,184.36757566503877,186.53742039308247,2.210573244832979,2.2775484428996347,2.3420550874936663,0.0008902034852496974,0.006017986032237171,0.019196246366931718,1.0
M2_interval_low,power,4096,1e+24,6,54.69684695534518,57.21373514416787,59.85412215681664,0.31337905258027526,0.4926686796948404,0.6807557012154007,11.965824999999997,11.965825000000002,11.965825000000002,299.8929999999996,299.89299999999986,299.89299999999986,2.1375753259346917,2.205709367038331,2.2706565745836675,0.0005845118552478481,0.003994083165624361,0.012983188515949883,0.0
M2_interval_low,power,8192,1e+19,6,54.69684695534518,57.21373514416787,59.85412215681664,0.31337905258027526,0.4926686796948404,0.6807557012154007,0.23673004988761437,0.27427398297682304,0.3516917797298944,2.659792662243046,4.201861565467292,5.388043300538925,3.3215156150288077,3.331562355996888,3.3633444346947816,0.02571309775115112,0.12843187422827979,0.2854832760204962,1.0
M2_interval_low,power,8192,1e+22,6,54.69684695534518,57.21373514416787,59.85412215681664,0.31337905258027526,0.4926686796948404,0.6807557012154007,7.418017166860104,7.464345195499561,7.5857099995673405,169.4455272196327,174.39596448568432,176.33728292623096,2.2202095286891756,2.2872294145943184,2.3517533439385225,0.0008415258638701095,0.00569356171343131,0.01818708085947573,1.0
M2_interval_low,power,8192,1e+24,6,54.69684695534518,57.21373514416787,59.85412215681664,0.31337905258027526,0.4926686796948404,0.6807557012154007,11.965824999999997,11.965825000000002,11.965825000000002,299.8929999999996,299.89299999999986,299.89299999999986,2.1375753259346917,2.205709367038331,2.2706565745836675,0.0005218570807019987,0.0035676410134214344,0.011606934500326337,0.0
M2_interval_low,power,32768,1e+19,6,54.69684695534518,57.21373514416787,59.85412215681664,0.31337905258027526,0.4926686796948404,0.6807557012154007,0.18306420550021188,0.20679011771911254,0.25721898555083184,2.3243093398451613,3.4645593027778423,4.262870188181434,3.4311847220948155,3.440990994269458,3.47941547793854,0.020343488672078427,0.10703884636556873,0.24947487608458946,1.0
M2_interval_low,power,32768,1e+22,6,54.69684695534518,57.21373514416787,59.85412215681664,0.31337905258027526,0.4926686796948404,0.6807557012154007,5.775415096966681,5.803659036881845,5.8779263967308575,133.57828763925028,136.6447746106682,137.83602558121916,2.264306845619031,2.331503589913436,2.3960956540080516,0.0006577881805526998,0.004464239533403403,0.014337345802078844,1.0
M2_interval_low,power,32768,1e+24,6,54.69684695534518,57.21373514416787,59.85412215681664,0.31337905258027526,0.4926686796948404,0.6807557012154007,11.965824999999997,11.965825000000002,11.965825000000002,299.8929999999996,299.89299999999986,299.89299999999986,2.1375753259346917,2.205709367038331,2.2706565745836675,0.0003175955716299709,0.002174581978025904,0.007094631026704075,0.0
M2_interval_low,power,131072,1e+19,6,54.69684695534518,57.21373514416787,59.85412215681664,0.31337905258027526,0.4926686796948404,0.6807557012154007,0.1128325371050379,0.12262534094998423,0.1445959068162068,1.7447745707265405,2.352717352768053,2.715505947482093,3.6565190750973753,3.6786207575177787,3.723718710053429,0.012959077345289942,0.07395372489802306,0.18727172513817864,1.0
M2_interval_low,power,131072,1e+22,6,54.69684695534518,57.21373514416787,59.85412215681664,0.31337905258027526,0.4926686796948404,0.6807557012154007,3.5928621411584447,3.603899412765752,3.6330631368679813,84.66663659033338,85.89309030821087,86.36352672794774,2.3570571115184227,2.424517389942324,2.489210226288373,0.0004121484704230533,0.0028088374428633764,0.009087516153623756,1.0
M2_interval_low,power,131072,1e+24,6,54.69684695534518,57.21373514416787,59.85412215681664,0.31337905258027526,0.4926686796948404,0.6807557012154007,11.965824999999997,11.965825000000002,11.965825000000002,299.8929999999996,299.89299999999986,299.89299999999986,2.1375753259346917,2.205709367038331,2.2706565745836675,0.00012378752110704316,0.0008488224766900855,0.0027767232795926204,0.0
M2_interval_mid,exponential,2048,1e+19,6,61.00978313956298,61.830655859409354,62.91504535073904,0.7630787966900398,0.8215533703732745,0.8987994667278348,0.38117919132357686,0.4218258056738362,0.49014107824486775,1.879148154408473,2.4603906777796993,2.9423527399521987,3.252534432686804,3.262519394091604,3.286667328053205,0.2811225705856629,0.3356404889874368,0.4096452645524858,1.0
M2_interval_mid,exponential,2048,1e+22,6,61.00978313956298,61.830655859409354,62.91504535073904,0.7630787966900398,0.8215533703732745,0.8987994667278348,8.28041170758401,8.35903531227988,8.509175693958142,176.30352159436413,181.9941145581244,185.0838637234061,2.1281007846200684,2.1548371819224377,2.1753708289766926,0.017683553313432913,0.024923961701256644,0.038433320212428346,1.0
M2_interval_mid,exponential,2048,1e+24,6,61.00978313956298,61.830655859409354,62.91504535073904,0.7630787966900398,0.8215533703732745,0.8987994667278348,11.965825000000002,11.965825000000002,11.965825000000002,299.89299999999986,299.89299999999986,299.89299999999986,2.058589531158881,2.086571731427505,2.107753995757294,0.012304122477559944,0.0175480480663498,0.02763767254430955,0.0
M2_interval_mid,exponential,4096,1e+19,6,61.00978313956298,61.830655859409354,62.91504535073904,0.7630787966900398,0.8215533703732745,0.8987994667278348,0.3665057352952648,0.40513792627916334,0.4701217638399401,1.856732216869649,2.425164562757063,2.8945985139695454,3.2648229296805646,3.2744686965961414,3.2981271182337437,0.276559966455315,0.3308494423528817,0.4047586979230305,1.0
M2_interval_mid,exponential,4096,1e+22,6,61.00978313956298,61.830655859409354,62.91504535073904,0.7630787966900398,0.8215533703732745,0.8987994667278348,8.020846435203376,8.094852069965803,8.236256677322288,171.39536931381204,176.77460883969496,179.6906748006966,2.133261594077252,2.160023347158134,2.1805704878582817,0.017168269366331743,0.024209452129050103,0.0373633666089394,1.0
M2_interval_mid,exponential,4096,1e+24,6,61.00978313956298,61.830655859409354,62.91504535073904,0.7630787966900398,0.8215533703732745,0.8987994667278348,11.965825000000002,11.965825000000002,11.965825000000002,299.89299999999986,299.89299999999986,299.89299999999986,2.058589531158881,2.086571731427505,2.107753995757294,0.011573620336717706,0.016511551860735288,0.026020792978968144,0.0
M2_interval_mid,exponential,8192,1e+19,6,61.00978313956298,61.830655859409354,62.91504535073904,0.7630787966900398,0.8215533703732745,0.8987994667278348,0.3411681275883483,0.37635971078362296,0.4356490059810582,1.815668504785959,2.360938540283275,2.8078740875087402,3.2876792700279878,3.296703850201916,3.3194628157782815,0.26827401441106,0.32211340454909676,0.3958070060830026,1.0
M2_interval_mid,exponential,8192,1e+22,6,61.00978313956298,61.830655859409354,62.91504535073904,0.7630787966900398,0.8215533703732745,0.8987994667278348,7.56676495922761,7.632998866387534,7.7596863504505755,162.72985145280583,167.58065817690763,170.20288087529465,2.142835521562381,2.169642504063233,2.190213679376246,0.016261772677037087,0.02295083297376772,0.03547432537058278,1.0
M2_interval_mid,exponential,8192,1e+24,6,61.00978313956298,61.830655859409354,62.91504535073904,0.7630787966900398,0.8215533703732745,0.8987994667278348,11.965825000000002,11.965825000000002,11.965825000000002,299.89299999999986,299.89299999999986,299.89299999999986,2.058589531158881,2.086571731427505,2.107753995757294,0.010345218363944066,0.014767082168547371,0.02329513458485137,0.0
M2_interval_mid,exponential,32768,1e+19,6,61.00978313956298,61.830655859409354,62.91504535073904,0.7630787966900398,0.8215533703732745,0.8987994667278348,0.25026767404010836,0.27358407941347357,0.31316471573804017,1.6363139951398242,2.0851676988895527,2.440694239225958,3.3932931671707682,3.3996072202066574,3.418394013273899,0.23319238010750912,0.2845912928422972,0.35670858514140846,1.0
M2_interval_mid,exponential,32768,1e+22,6,61.00978313956298,61.830655859409354,62.91504535073904,0.7630787966900398,0.8215533703732745,0.8987994667278348,5.86629974299871,5.90698768991869,5.985128170766384,129.34124690294104,132.40987425880638,134.05074596362522,2.186684131159609,2.2136717105670245,2.2343384142155736,0.012807672507260028,0.018135580051061757,0.028195770078489286,1.0
M2_interval_mid,exponential,32768,1e+24,6,61.00978313956298,61.830655859409354,62.91504535073904,0.7630787966900398,0.8215533703732745,0.8987994667278348,11.965825000000002,11.965825000000002,11.965825000000002,299.89299999999986,299.89299999999986,299.89299999999986,2.058589531158881,2.086571731427505,2.107753995757294,0.0063202822160059275,0.009037889485998787,0.014304697246978948,0.0
M2_interval_mid,exponential,131072,1e+19,6,61.00978313956298,61.830655859409354,62.91504535073904,0.7630787966900398,0.8215533703732745,0.8987994667278348,0.1414834399845362,0.1519940532113213,0.17014781043817767,1.3052850966612868,1.5977411096129592,1.8138158774415338,3.619884678900584,3.6213813736270715,3.6326222766186596,0.1732982504483872,0.2182189897523285,0.28454587653656654,1.0
M2_interval_mid,exponential,131072,1e+22,6,61.00978313956298,61.830655859409354,62.91504535073904,0.7630787966900398,0.8215533703732745,0.8987994667278348,3.62848073786124,3.644543934094428,3.6755759481330434,82.92807368267744,84.19191182491267,84.8573972828306,2.279058293141286,2.3063195569882007,2.3271297595263913,0.008107569610349955,0.011532733224418444,0.01807792142567191,1.0
M2_interval_mid,exponential,131072,1e+24,6,61.00978313956298,61.830655859409354,62.91504535073904,0.7630787966900398,0.8215533703732745,0.8987994667278348,11.965825000000002,11.965825000000002,11.965825000000002,299.89299999999986,299.89299999999986,299.89299999999986,2.058589531158881,2.086571731427505,2.107753995757294,0.002472482179531616,0.0035416580938028397,0.005623479086782764,0.0
M2_interval_mid,logarithmic,2048,1e+19,6,61.00978313956298,61.830655859409354,62.91504535073904,0.7630787966900398,0.8215533703732745,0.8987994667278348,0.5441532297976379,0.5530259512150094,0.563755117047903,1.4641463972073447,1.5152473714261434,1.559531579417255,3.3419820982770836,3.3619701197365437,3.376523860540078,0.4560658674366879,0.4629086710034796,0.4709387817168386,1.0
M2_interval_mid,logarithmic,2048,1e+22,6,61.00978313956298,61.830655859409354,62.91504535073904,0.7630787966900398,0.8215533703732745,0.8987994667278348,8.643270035808433,8.666478059112638,8.694942642289634,169.6422549368005,170.63738294926728,171.45517870551475,2.129655137942634,2.157398309474832,2.178385896766748,0.050139962431522356,0.052132970758552916,0.05456497862513005,1.0
M2_interval_mid,logarithmic,2048,1e+24,6,61.00978313956298,61.830655859409354,62.91504535073904,0.7630787966900398,0.8215533703732745,0.8987994667278348,11.965825000000002,11.965825000000002,11.965825000000002,299.89299999999986,299.89299999999986,299.89299999999986,2.058589531158881,2.086571731427505,2.107753995757294,0.03672893514088752,0.038309251536083146,0.04024987674218745,0.0
M2_interval_mid,logarithmic,4096,1e+19,6,61.00978313956298,61.830655859409354,62.91504535073904,0.7630787966900398,0.8215533703732745,0.8987994667278348,0.5215312674658409,0.5299782717643553,0.5401929485510939,1.449242371965351,1.4994895639057457,1.5430186015431757,3.353004566560433,3.37305168760694,3.3876553599513204,0.4512368497511853,0.45809487538093974,0.46614494176822174,1.0
M2_interval_mid,logarithmic,4096,1e+22,6,61.00978313956298,61.830655859409354,62.91504535073904,0.7630787966900398,0.8215533703732745,0.8987994667278348,8.362645092900033,8.38452611612276,8.411369756768044,165.08382653616889,166.0277085432479,166.80309305573599,2.134785340811223,2.1625331494050766,2.1835245309034663,0.04877951708678255,0.05072464349611699,0.053098772293822434,1.0
M2_interval_mid,logarithmic,4096,1e+24,6,61.00978313956298,61.830655859409354,62.91504535073904,0.7630787966900398,0.8215533703732745,0.8987994667278348,11.965825000000002,11.965825000000002,11.965825000000002,299.89299999999986,299.89299999999986,299.89299999999986,2.058589531158881,2.086571731427505,2.107753995757294,0.034599116866857134,0.03609123670509826,0.03792392613031396,0.0
M2_interval_mid,logarithmic,8192,1e+19,6,61.00978313956298,61.830655859409354,62.91504535073904,0.7630787966900398,0.8215533703732745,0.8987994667278348,0.4826074994192025,0.4903263103674229,0.4996615509012373,1.4218505226820353,1.4705410155424663,1.5126930736710016,3.3735341784906656,3.3936903491069854,3.4083861289532247,0.44236852136523774,0.4492514795201,0.45733442653890183,1.0
M2_interval_mid,logarithmic,8192,1e+22,6,61.00978313956298,61.830655859409354,62.91504535073904,0.7630787966900398,0.8215533703732745,0.8987994667278348,7.873066931767547,7.892712900883444,7.91681295568732,157.014815741097,157.87101141114343,158.57407224853137,2.144304556507651,2.172060661939115,2.193058830270844,0.04637304096145036,0.04823264311958104,0.05050339650304679,1.0
M2_interval_mid,logarithmic,8192,1e+24,6,61.00978313956298,61.830655859409354,62.91504535073904,0.7630787966900398,0.8215533703732745,0.8987994667278348,11.965825000000002,11.965825000000002,11.965825000000002,299.89299999999986,299.89299999999986,299.89299999999986,2.058589531158881,2.086571731427505,2.107753995757294,0.031003488703594536,0.0323457520889522,0.03399494232684987,0.0
M2_interval_mid,logarithmic,32768,1e+19,6,61.00978313956298,61.830655859409354,62.91504535073904,0.7630787966900398,0.8215533703732745,0.8987994667278348,0.34469252689616536,0.34988509883799473,0.3561682008553012,1.3007848448242731,1.3427801010432532,1.3790232497864983,3.468864476571808,3.489509685295917,3.5046181070257423,0.40327842214245957,0.4102221001534483,0.41839397430869446,1.0
M2_interval_mid,logarithmic,32768,1e+22,6,61.00978313956298,61.830655859409354,62.91504535073904,0.7630787966900398,0.8215533703732745,0.8987994667278348,6.055427698492194,6.067640055097142,6.0826336141175465,125.66694170741238,126.221360656591,126.6756104933087,2.1879332351342766,2.2157227910909434,2.236748297191713,0.03704472736881372,0.0385631479324392,0.04042043646907901,1.0
M2_interval_mid,logarithmic,32768,1e+24,6,61.00978313956298,61.830655859409354,62.91504535073904,0.7630787966900398,0.8215533703732745,0.8987994667278348,11.965825000000002,11.965825000000002,11.965825000000002,299.89299999999986,299.89299999999986,299.89299999999986,2.058589531158881,2.086571731427505,2.107753995757294,0.01909628306917534,0.019933668166774488,0.02096369422460252,0.0
M2_interval_mid,logarithmic,131072,1e+19,6,61.00978313956298,61.830655859409354,62.91504535073904,0.7630787966900398,0.8215533703732745,0.8987994667278348,0.18480766885884733,0.1872342466902106,0.19017412879337514,1.07034078747043,1.1005242701982487,1.1263994277272091,3.676045663296143,3.6976577664879486,3.713579848455583,0.32940168629259176,0.33621532463355575,0.34427225818063306,1.0
M2_interval_mid,logarithmic,131072,1e+22,6,61.00978313956298,61.830655859409354,62.91504535073904,0.7630787966900398,0.8215533703732745,0.8987994667278348,3.703700925981293,3.7086053749569,3.7146357837215818,81.37938956785322,81.6155410850564,81.80837052149553,2.2799697176007583,2.3078109328221315,2.3288785820690507,0.023923853776214032,0.024935257852785553,0.02617546350081502,1.0
M2_interval_mid,logarithmic,131072,1e+24,6,61.00978313956298,61.830655859409354,62.91504535073904,0.7630787966900398,0.8215533703732745,0.8987994667278348,11.965825000000002,11.965825000000002,11.965825000000002,299.89299999999986,299.89299999999986,299.89299999999986,2.058589531158881,2.086571731427505,2.107753995757294,0.007529365308863952,0.007863609771461996,0.008275198748223172,0.0
M2_interval_mid,power,2048,1e+19,6,61.00978313956298,61.830655859409354,62.91504535073904,0.7630787966900398,0.8215533703732745,0.8987994667278348,0.4508301496243101,0.4977447155453977,0.5667768219732504,1.4502539821508416,1.8311079307329539,2.1812892246792646,3.3059037215320464,3.3203971570629376,3.344228958931661,0.36968573826738405,0.416466396550633,0.47314988891438525,1.0
M2_interval_mid,power,2048,1e+22,6,61.00978313956298,61.830655859409354,62.91504535073904,0.7630787966900398,0.8215533703732745,0.8987994667278348,8.419815101628007,8.527630129553675,8.703044569011094,169.36072817249973,175.6290006775896,179.65432475815456,2.1297232247180427,2.156236977123835,2.176522555768451,0.03044788418228404,0.040055785602426106,0.05525446625733097,1.0
M2_interval_mid,power,2048,1e+24,6,61.00978313956298,61.830655859409354,62.91504535073904,0.7630787966900398,0.8215533703732745,0.8987994667278348,11.965825000000002,11.965825000000002,11.965825000000002,299.89299999999986,299.89299999999986,299.89299999999986,2.058589531158881,2.086571731427505,2.107753995757294,0.02161989015657246,0.02888656623932342,0.04080271321226802,0.0
M2_interval_mid,power,4096,1e+19,6,61.00978313956298,61.830655859409354,62.91504535073904,0.7630787966900398,0.8215533703732745,0.8987994667278348,0.43272050633470954,0.4773582825242736,0.5430700046970932,1.4355782413255325,1.8096039239859891,2.1525691366320503,3.3176328567070072,3.331809280447052,3.3552350485980167,0.36481824667901164,0.4115857274157888,0.4683618826575034,1.0
M2_interval_mid,power,4096,1e+22,6,61.00978313956298,61.830655859409354,62.91504535073904,0.7630787966900398,0.8215533703732745,0.8987994667278348,8.152084854431035,8.253649913744358,8.419006923714637,164.81680886743914,170.75671084055605,174.56424128663218,2.134852111402986,2.161394719692404,2.1816983845913924,0.029585214874276646,0.03894502411197265,0.05377199839935808,1.0
M2_interval_mid,power,4096,1e+24,6,61.00978313956298,61.830655859409354,62.91504535073904,0.7630787966900398,0.8215533703732745,0.8987994667278348,11.965825000000002,11.965825000000002,11.965825000000002,299.89299999999986,299.89299999999986,299.89299999999986,2.058589531158881,2.086571731427505,2.107753995757294,0.02034770019198973,0.027198898495021877,0.038446095168263236,0.0
M2_interval_mid,power,8192,1e+19,6,61.00978313956298,61.830655859409354,62.91504535073904,0.7630787966900398,0.8215533703732745,0.8987994667278348,0.40151237435574694,0.44225777407969313,0.5022909361872252,1.4086034079777876,1.7701977515054843,2.10008325905043,3.3394639083239923,3.3530571823765873,3.375734432856746,0.35592291992297626,0.4026414675462511,0.4595612590707098,1.0
M2_interval_mid,power,8192,1e+22,6,61.00978313956298,61.830655859409354,62.91504535073904,0.7630787966900398,0.8215533703732745,0.8987994667278348,7.684252062760602,7.77528679784482,7.923671964486153,156.77247575221978,162.15231226919423,165.58979535690614,2.144368971615419,2.170963168746666,2.1912991148971823,0.028064222320119587,0.03698337167419781,0.051147509608416394,1.0
M2_interval_mid,power,8192,1e+24,6,61.00978313956298,61.830655859409354,62.91504535073904,0.7630787966900398,0.8215533703732745,0.8987994667278348,11.965825000000002,11.965825000000002,11.965825000000002,299.89299999999986,299.89299999999986,299.89299999999986,2.058589531158881,2.086571731427505,2.107753995757294,0.01820518648106529,0.024353270988192552,0.03446495172347513,0.0
M2_interval_mid,power,32768,1e+19,6,61.00978313956298,61.830655859409354,62.91504535073904,0.7630787966900398,0.8215533703732745,0.8987994667278348,0.29033387005842587,0.31759794274777553,0.3579387928185221,1.2893324321668753,1.59787448070657,1.872820812304009,3.4405898277431883,3.4515972574970526,3.470929072181725,0.3174063928825308,0.3635216058796787,0.4206487308855688,1.0
M2_interval_mid,power,32768,1e+22,6,61.00978313956298,61.830655859409354,62.91504535073904,0.7630787966900398,0.8215533703732745,0.8987994667278348,5.938545777413757,5.994790629919999,6.086903905028255,125.50974515509112,128.9719187709527,131.15625814564433,2.1879881470242575,2.2147898057258857,2.2352548887595365,0.022228413166097766,0.02941807632999514,0.04094794615888082,1.0
M2_interval_mid,power,32768,1e+24,6,61.00978313956298,61.830655859409354,62.91504535073904,0.7630787966900398,0.8215533703732745,0.8987994667278348,11.965825000000002,11.965825000000002,11.965825000000002,299.89299999999986,299.89299999999986,299.89299999999986,2.058589531158881,2.086571731427505,2.107753995757294,0.011156705825173995,0.014961434121452562,0.02125750008383153,0.0
M2_interval_mid,power,131072,1e+19,6,61.00978313956298,61.830655859409354,62.91504535073904,0.7630787966900398,0.8215533703732745,0.8987994667278348,0.15963154681386282,0.17220473749194207,0.19100323544184156,1.062068804317192,1.278821200438167,1.46257881927356,3.659022086933176,3.6650656099685848,3.677841511469777,0.24787842183417008,0.29106044342712784,0.34650326285399136,1.0
M2_interval_mid,power,131072,1e+22,6,61.00978313956298,61.830655859409354,62.91504535073904,0.7630787966900398,0.8215533703732745,0.8987994667278348,3.657045993711722,3.6794355410955193,3.7163556084498333,81.31225137464129,82.7736212952395,83.67896489573732,2.280009933060663,2.307130380876554,2.3277918693582276,0.014181943212718913,0.01888260802037002,0.02652837584231377,1.0
M2_interval_mid,power,131072,1e+24,6,61.00978313956298,61.830655859409354,62.91504535073904,0.7630787966900398,0.8215533703732745,0.8987994667278348,11.965825000000002,11.965825000000002,11.965825000000002,299.89299999999986,299.89299999999986,299.89299999999986,2.058589531158881,2.086571731427505,2.107753995757294,0.0043774527998730545,0.005884310978793592,0.008392699957812647,0.0
M2_partial_raw,exponential,2048,1e+19,6,17.730340569668662,33.39415069049106,43.51647737657359,0.1,0.1,0.1,0.25012225129425336,0.25012225129425336,0.25012225129425336,6.23758882820877,6.23758882820877,6.23758882820877,3.395163301880361,3.395163301880361,3.395163301880361,0.0,0.0,0.0,1.0
M2_partial_raw,exponential,2048,1e+22,6,17.730340569668662,33.39415069049106,43.51647737657359,0.1,0.1,0.1,8.093962068979566,8.093962068979566,8.093962068979566,192.75600096259842,192.75600096259842,192.75600096259842,2.4140431656075667,2.4140431656075667,2.4140431656075667,0.0,0.0,0.0,1.0
M2_partial_raw,exponential,2048,1e+24,6,17.730340569668662,33.39415069049106,43.51647737657359,0.1,0.1,0.1,11.965825000000002,11.965825000000002,11.965825000000002,299.89299999999986,299.89299999999986,299.89299999999986,2.347952589064767,2.347952589064767,2.347952589064767,0.0,0.0,0.0,0.0
M2_partial_raw,exponential,4096,1e+19,6,17.730340569668662,33.39415069049106,43.51647737657359,0.1,0.1,0.1,0.24244393537050798,0.24244393537050798,0.24244393537050798,6.048605319435288,6.048605319435288,6.048605319435288,3.4089693057798365,3.4089693057798365,3.4089693057798365,0.0,0.0,0.0,1.0
M2_partial_raw,exponential,4096,1e+22,6,17.730340569668662,33.39415069049106,43.51647737657359,0.1,0.1,0.1,7.8454889608884075,7.8454889608884075,7.8454889608884075,186.91603346298277,186.91603346298277,186.91603346298277,2.4192754835370196,2.4192754835370196,2.4192754835370196,0.0,0.0,0.0,1.0
M2_partial_raw,exponential,4096,1e+24,6,17.730340569668662,33.39415069049106,43.51647737657359,0.1,0.1,0.1,11.965825000000002,11.965825000000002,11.965825000000002,299.89299999999986,299.89299999999986,299.89299999999986,2.347952589064767,2.347952589064767,2.347952589064767,0.0,0.0,0.0,0.0
M2_partial_raw,exponential,8192,1e+19,6,17.730340569668662,33.39415069049106,43.51647737657359,0.1,0.1,0.1,0.22898787812710078,0.22898787812710078,0.22898787812710078,5.717222706195269,5.717222706195269,5.717222706195269,3.434567037961379,3.434567037961379,3.434567037961379,0.0,0.0,0.0,1.0
M2_partial_raw,exponential,8192,1e+22,6,17.730340569668662,33.39415069049106,43.51647737657359,0.1,0.1,0.1,7.410052470377299,7.410052470377299,7.410052470377299,176.67549609197602,176.67549609197602,176.67549609197602,2.4289767319230324,2.4289767319230324,2.4289767319230324,0.0,0.0,0.0,1.0
M2_partial_raw,exponential,8192,1e+24,6,17.730340569668662,33.39415069049106,43.51647737657359,0.1,0.1,0.1,11.965825000000002,11.965825000000002,11.965825000000002,299.89299999999986,299.89299999999986,299.89299999999986,2.347952589064767,2.347952589064767,2.347952589064767,0.0,0.0,0.0,0.0
M2_partial_raw,exponential,32768,1e+19,6,17.730340569668662,33.39415069049106,43.51647737657359,0.1,0.1,0.1,0.1783239395969165,0.1783239395969165,0.1783239395969165,4.467062855108157,4.467062855108157,4.467062855108157,3.5515997981585463,3.5515997981585463,3.5515997981585463,0.0,0.0,0.0,1.0
M2_partial_raw,exponential,32768,1e+22,6,17.730340569668662,33.39415069049106,43.51647737657359,0.1,0.1,0.1,5.770566889654044,5.770566889654044,5.770566889654044,138.0426328959325,138.0426328959325,138.0426328959325,2.4733308125079394,2.4733308125079394,2.4733308125079394,0.0,0.0,0.0,1.0
M2_partial_raw,exponential,32768,1e+24,6,17.730340569668662,33.39415069049106,43.51647737657359,0.1,0.1,0.1,11.965825000000002,11.965825000000002,11.965825000000002,299.89299999999986,299.89299999999986,299.89299999999986,2.347952589064767,2.347952589064767,2.347952589064767,0.0,0.0,0.0,0.0
M2_partial_raw,exponential,131072,1e+19,6,17.730340569668662,33.39415069049106,43.51647737657359,0.1,0.1,0.1,0.11096942892653056,0.11096942892653056,0.11096942892653056,2.7973486730981887,2.7973486730981887,2.7973486730981887,3.797337848918724,3.797337848918724,3.797337848918724,0.0,0.0,0.0,1.0
M2_partial_raw,exponential,131072,1e+22,6,17.730340569668662,33.39415069049106,43.51647737657359,0.1,0.1,0.1,3.590971437530318,3.590971437530318,3.590971437530318,86.44462652023026,86.44462652023026,86.44462652023026,2.5664627294843103,2.5664627294843103,2.5664627294843103,0.0,0.0,0.0,1.0
M2_partial_raw,exponential,131072,1e+24,6,17.730340569668662,33.39415069049106,43.51647737657359,0.1,0.1,0.1,11.965825000000002,11.965825000000002,11.965825000000002,299.89299999999986,299.89299999999986,299.89299999999986,2.347952589064767,2.347952589064767,2.347952589064767,0.0,0.0,0.0,0.0
M2_partial_raw,logarithmic,2048,1e+19,6,17.730340569668662,33.39415069049106,43.51647737657359,0.1,0.1,0.1,0.25012225129425336,0.25012225129425336,0.25012225129425336,6.23758882820877,6.23758882820877,6.23758882820877,3.395163301880361,3.395163301880361,3.395163301880361,0.0,0.0,0.0,1.0
M2_partial_raw,logarithmic,2048,1e+22,6,17.730340569668662,33.39415069049106,43.51647737657359,0.1,0.1,0.1,8.093962068979566,8.093962068979566,8.093962068979566,192.75600096259842,192.75600096259842,192.75600096259842,2.4140431656075667,2.4140431656075667,2.4140431656075667,0.0,0.0,0.0,1.0
M2_partial_raw,logarithmic,2048,1e+24,6,17.730340569668662,33.39415069049106,43.51647737657359,0.1,0.1,0.1,11.965825000000002,11.965825000000002,11.965825000000002,299.89299999999986,299.89299999999986,299.89299999999986,2.347952589064767,2.347952589064767,2.347952589064767,0.0,0.0,0.0,0.0
M2_partial_raw,logarithmic,4096,1e+19,6,17.730340569668662,33.39415069049106,43.51647737657359,0.1,0.1,0.1,0.24244393537050798,0.24244393537050798,0.24244393537050798,6.048605319435288,6.048605319435288,6.048605319435288,3.4089693057798365,3.4089693057798365,3.4089693057798365,0.0,0.0,0.0,1.0
M2_partial_raw,logarithmic,4096,1e+22,6,17.730340569668662,33.39415069049106,43.51647737657359,0.1,0.1,0.1,7.8454889608884075,7.8454889608884075,7.8454889608884075,186.91603346298277,186.91603346298277,186.91603346298277,2.4192754835370196,2.4192754835370196,2.4192754835370196,0.0,0.0,0.0,1.0
M2_partial_raw,logarithmic,4096,1e+24,6,17.730340569668662,33.39415069049106,43.51647737657359,0.1,0.1,0.1,11.965825000000002,11.965825000000002,11.965825000000002,299.89299999999986,299.89299999999986,299.89299999999986,2.347952589064767,2.347952589064767,2.347952589064767,0.0,0.0,0.0,0.0
M2_partial_raw,logarithmic,8192,1e+19,6,17.730340569668662,33.39415069049106,43.51647737657359,0.1,0.1,0.1,0.22898787812710078,0.22898787812710078,0.22898787812710078,5.717222706195269,5.717222706195269,5.717222706195269,3.434567037961379,3.434567037961379,3.434567037961379,0.0,0.0,0.0,1.0
M2_partial_raw,logarithmic,8192,1e+22,6,17.730340569668662,33.39415069049106,43.51647737657359,0.1,0.1,0.1,7.410052470377299,7.410052470377299,7.410052470377299,176.67549609197602,176.67549609197602,176.67549609197602,2.4289767319230324,2.4289767319230324,2.4289767319230324,0.0,0.0,0.0,1.0
M2_partial_raw,logarithmic,8192,1e+24,6,17.730340569668662,33.39415069049106,43.51647737657359,0.1,0.1,0.1,11.965825000000002,11.965825000000002,11.965825000000002,299.89299999999986,299.89299999999986,299.89299999999986,2.347952589064767,2.347952589064767,2.347952589064767,0.0,0.0,0.0,0.0
M2_partial_raw,logarithmic,32768,1e+19,6,17.730340569668662,33.39415069049106,43.51647737657359,0.1,0.1,0.1,0.1783239395969165,0.1783239395969165,0.1783239395969165,4.467062855108157,4.467062855108157,4.467062855108157,3.5515997981585463,3.5515997981585463,3.5515997981585463,0.0,0.0,0.0,1.0
M2_partial_raw,logarithmic,32768,1e+22,6,17.730340569668662,33.39415069049106,43.51647737657359,0.1,0.1,0.1,5.770566889654044,5.770566889654044,5.770566889654044,138.0426328959325,138.0426328959325,138.0426328959325,2.4733308125079394,2.4733308125079394,2.4733308125079394,0.0,0.0,0.0,1.0
M2_partial_raw,logarithmic,32768,1e+24,6,17.730340569668662,33.39415069049106,43.51647737657359,0.1,0.1,0.1,11.965825000000002,11.965825000000002,11.965825000000002,299.89299999999986,299.89299999999986,299.89299999999986,2.347952589064767,2.347952589064767,2.347952589064767,0.0,0.0,0.0,0.0
M2_partial_raw,logarithmic,131072,1e+19,6,17.730340569668662,33.39415069049106,43.51647737657359,0.1,0.1,0.1,0.11096942892653056,0.11096942892653056,0.11096942892653056,2.7973486730981887,2.7973486730981887,2.7973486730981887,3.797337848918724,3.797337848918724,3.797337848918724,0.0,0.0,0.0,1.0
M2_partial_raw,logarithmic,131072,1e+22,6,17.730340569668662,33.39415069049106,43.51647737657359,0.1,0.1,0.1,3.590971437530318,3.590971437530318,3.590971437530318,86.44462652023026,86.44462652023026,86.44462652023026,2.5664627294843103,2.5664627294843103,2.5664627294843103,0.0,0.0,0.0,1.0
M2_partial_raw,logarithmic,131072,1e+24,6,17.730340569668662,33.39415069049106,43.51647737657359,0.1,0.1,0.1,11.965825000000002,11.965825000000002,11.965825000000002,299.89299999999986,299.89299999999986,299.89299999999986,2.347952589064767,2.347952589064767,2.347952589064767,0.0,0.0,0.0,0.0
M2_partial_raw,power,2048,1e+19,6,17.730340569668662,33.39415069049106,43.51647737657359,0.1,0.1,0.1,0.25012225129425336,0.25012225129425336,0.25012225129425336,6.23758882820877,6.23758882820877,6.23758882820877,3.395163301880361,3.395163301880361,3.395163301880361,0.0,0.0,0.0,1.0
M2_partial_raw,power,2048,1e+22,6,17.730340569668662,33.39415069049106,43.51647737657359,0.1,0.1,0.1,8.093962068979566,8.093962068979566,8.093962068979566,192.75600096259842,192.75600096259842,192.75600096259842,2.4140431656075667,2.4140431656075667,2.4140431656075667,0.0,0.0,0.0,1.0
M2_partial_raw,power,2048,1e+24,6,17.730340569668662,33.39415069049106,43.51647737657359,0.1,0.1,0.1,11.965825000000002,11.965825000000002,11.965825000000002,299.89299999999986,299.89299999999986,299.89299999999986,2.347952589064767,2.347952589064767,2.347952589064767,0.0,0.0,0.0,0.0
M2_partial_raw,power,4096,1e+19,6,17.730340569668662,33.39415069049106,43.51647737657359,0.1,0.1,0.1,0.24244393537050798,0.24244393537050798,0.24244393537050798,6.048605319435288,6.048605319435288,6.048605319435288,3.4089693057798365,3.4089693057798365,3.4089693057798365,0.0,0.0,0.0,1.0
M2_partial_raw,power,4096,1e+22,6,17.730340569668662,33.39415069049106,43.51647737657359,0.1,0.1,0.1,7.8454889608884075,7.8454889608884075,7.8454889608884075,186.91603346298277,186.91603346298277,186.91603346298277,2.4192754835370196,2.4192754835370196,2.4192754835370196,0.0,0.0,0.0,1.0
M2_partial_raw,power,4096,1e+24,6,17.730340569668662,33.39415069049106,43.51647737657359,0.1,0.1,0.1,11.965825000000002,11.965825000000002,11.965825000000002,299.89299999999986,299.89299999999986,299.89299999999986,2.347952589064767,2.347952589064767,2.347952589064767,0.0,0.0,0.0,0.0
M2_partial_raw,power,8192,1e+19,6,17.730340569668662,33.39415069049106,43.51647737657359,0.1,0.1,0.1,0.22898787812710078,0.22898787812710078,0.22898787812710078,5.717222706195269,5.717222706195269,5.717222706195269,3.434567037961379,3.434567037961379,3.434567037961379,0.0,0.0,0.0,1.0
M2_partial_raw,power,8192,1e+22,6,17.730340569668662,33.39415069049106,43.51647737657359,0.1,0.1,0.1,7.410052470377299,7.410052470377299,7.410052470377299,176.67549609197602,176.67549609197602,176.67549609197602,2.4289767319230324,2.4289767319230324,2.4289767319230324,0.0,0.0,0.0,1.0
M2_partial_raw,power,8192,1e+24,6,17.730340569668662,33.39415069049106,43.51647737657359,0.1,0.1,0.1,11.965825000000002,11.965825000000002,11.965825000000002,299.89299999999986,299.89299999999986,299.89299999999986,2.347952589064767,2.347952589064767,2.347952589064767,0.0,0.0,0.0,0.0
M2_partial_raw,power,32768,1e+19,6,17.730340569668662,33.39415069049106,43.51647737657359,0.1,0.1,0.1,0.1783239395969165,0.1783239395969165,0.1783239395969165,4.467062855108157,4.467062855108157,4.467062855108157,3.5515997981585463,3.5515997981585463,3.5515997981585463,0.0,0.0,0.0,1.0
M2_partial_raw,power,32768,1e+22,6,17.730340569668662,33.39415069049106,43.51647737657359,0.1,0.1,0.1,5.770566889654044,5.770566889654044,5.770566889654044,138.0426328959325,138.0426328959325,138.0426328959325,2.4733308125079394,2.4733308125079394,2.4733308125079394,0.0,0.0,0.0,1.0
M2_partial_raw,power,32768,1e+24,6,17.730340569668662,33.39415069049106,43.51647737657359,0.1,0.1,0.1,11.965825000000002,11.965825000000002,11.965825000000002,299.89299999999986,299.89299999999986,299.89299999999986,2.347952589064767,2.347952589064767,2.347952589064767,0.0,0.0,0.0,0.0
M2_partial_raw,power,131072,1e+19,6,17.730340569668662,33.39415069049106,43.51647737657359,0.1,0.1,0.1,0.11096942892653056,0.11096942892653056,0.11096942892653056,2.7973486730981887,2.7973486730981887,2.7973486730981887,3.797337848918724,3.797337848918724,3.797337848918724,0.0,0.0,0.0,1.0
M2_partial_raw,power,131072,1e+22,6,17.730340569668662,33.39415069049106,43.51647737657359,0.1,0.1,0.1,3.590971437530318,3.590971437530318,3.590971437530318,86.44462652023026,86.44462652023026,86.44462652023026,2.5664627294843103,2.5664627294843103,2.5664627294843103,0.0,0.0,0.0,1.0
M2_partial_raw,power,131072,1e+24,6,17.730340569668662,33.39415069049106,43.51647737657359,0.1,0.1,0.1,11.965825000000002,11.965825000000002,11.965825000000002,299.89299999999986,299.89299999999986,299.89299999999986,2.347952589064767,2.347952589064767,2.347952589064767,0.0,0.0,0.0,0.0
M2_partial_renorm,exponential,2048,1e+19,6,60.527837974440985,62.23832940231835,63.43509821657958,0.7287476057662158,0.8505938489361371,0.9358452460399567,0.36140717638726416,0.4450814436509522,0.5304522508956964,1.6320946663095377,2.2318619535791084,3.2355572245086535,3.2498350774301525,3.2698079238099274,3.303671033231957,0.2504911161933226,0.3633108297114171,0.44508997641423637,1.0
M2_partial_renorm,exponential,2048,1e+22,6,60.527837974440985,62.23832940231835,63.43509821657958,0.7287476057662158,0.8505938489361371,0.9358452460399567,8.245609317566013,8.40737779175874,8.608077897060694,172.7072617140954,180.128714292427,186.47935261573278,2.1155069004065745,2.1447173216942765,2.1875210582186133,0.014436901572918368,0.02932396684546024,0.04709914971823794,1.0
M2_partial_renorm,exponential,2048,1e+24,6,60.527837974440985,62.23832940231835,63.43509821657958,0.7287476057662158,0.8505938489361371,0.9358452460399567,11.965825000000002,11.965825000000002,11.965825000000002,299.89299999999986,299.89299999999986,299.89299999999986,2.0451697926252863,2.076051892556777,2.1201903816101324,0.009993274411274275,0.02078484658659728,0.03433639965544288,0.0
M2_partial_renorm,exponential,4096,1e+19,6,60.527837974440985,62.23832940231835,63.43509821657958,0.7287476057662158,0.8505938489361371,0.9358452460399567,0.3477283090989616,0.4272523715745282,0.5084885320365855,1.6143108474627426,2.202017416312224,3.1792345683812604,3.2623064189375883,3.281578974886097,3.314881755803002,0.24613071579813403,0.3584528704058644,0.4402401354860181,1.0
M2_partial_renorm,exponential,4096,1e+22,6,60.527837974440985,62.23832940231835,63.43509821657958,0.7287476057662158,0.8505938489361371,0.9358452460399567,7.988097299163635,8.140368503234646,8.329468061882988,167.9898176620354,175.01263932200393,181.0065634896751,2.1206513126947826,2.1498952574346823,2.192726743878838,0.014013207920865176,0.028491104541107204,0.045812651388615934,1.0
M2_partial_renorm,exponential,4096,1e+24,6,60.527837974440985,62.23832940231835,63.43509821657958,0.7287476057662158,0.8505938489361371,0.9358452460399567,11.965825000000002,11.965825000000002,11.965825000000002,299.89299999999986,299.89299999999986,299.89299999999986,2.0451697926252863,2.076051892556777,2.1201903816101324,0.009398662995466546,0.019560814214262524,0.03234066054720686,0.0
M2_partial_renorm,exponential,8192,1e+19,6,60.527837974440985,62.23832940231835,63.43509821657958,0.7287476057662158,0.8505938489361371,0.9358452460399567,0.32408802626415684,0.3965241189803622,0.47069091868884944,1.5816692540215447,2.1474977135126743,3.0772106413164417,3.285496676322164,3.3034870261218323,3.3357586129563512,0.23823220385881833,0.3495783859664543,0.43133841773966974,1.0
M2_partial_renorm,exponential,8192,1e+22,6,60.527837974440985,62.23832940231835,63.43509821657958,0.7287476057662158,0.8505938489361371,0.9358452460399567,7.537474095928235,7.673756690900362,7.843293485600037,159.6492269356413,165.9939652002477,171.38423351549986,2.130195944021686,2.159499745134909,2.202380661106042,0.013268264157438932,0.027022924646874974,0.04353808153295466,1.0
M2_partial_renorm,exponential,8192,1e+24,6,60.527837974440985,62.23832940231835,63.43509821657958,0.7287476057662158,0.8505938489361371,0.9358452460399567,11.965825000000002,11.965825000000002,11.965825000000002,299.89299999999986,299.89299999999986,299.89299999999986,2.0451697926252863,2.076051892556777,2.1201903816101324,0.008399145233190772,0.017499680393873382,0.02897269317599266,0.0
M2_partial_renorm,exponential,32768,1e+19,6,60.527837974440985,62.23832940231835,63.43509821657958,0.7287476057662158,0.8505938489361371,0.9358452460399567,0.23902918395951173,0.28700598939133737,0.3366809633159387,1.438090154725846,1.9117755526960485,2.6491055184095065,3.3925530928002523,3.404952680526053,3.4326441945576187,0.20508906261792048,0.31120835559075366,0.39218283489366285,1.0
M2_partial_renorm,exponential,32768,1e+22,6,60.527837974440985,62.23832940231835,63.43509821657958,0.7287476057662158,0.8505938489361371,0.9358452460399567,5.848352327040651,5.932077101133961,6.036932867912685,127.3684979821794,131.41146778257303,134.78531609185725,2.173926982115499,2.203470510467707,2.246547914449018,0.010434840718810559,0.021393114212834168,0.034734775459408854,1.0
M2_partial_renorm,exponential,32768,1e+24,6,60.527837974440985,62.23832940231835,63.43509821657958,0.7287476057662158,0.8505938489361371,0.9358452460399567,11.965825000000002,11.965825000000002,11.965825000000002,299.89299999999986,299.89299999999986,299.89299999999986,2.0451697926252863,2.076051892556777,2.1201903816101324,0.005127430307548141,0.010721376363315641,0.017831082966252302,0.0
M2_partial_renorm,exponential,131072,1e+19,6,60.527837974440985,62.23832940231835,63.43509821657958,0.7287476057662158,0.8505938489361371,0.9358452460399567,0.1364926542796258,0.15810759482588022,0.18106993346413341,1.1682013598226786,1.487842246788293,1.9337829140050546,3.619942663640881,3.624028732691301,3.6428902009050597,0.14971005208508037,0.24220112983200495,0.31858122351832663,1.0
M2_partial_renorm,exponential,131072,1e+22,6,60.527837974440985,62.23832940231835,63.43509821657958,0.7287476057662158,0.8505938489361371,0.9358452460399567,3.62141890644501,3.6544796181818677,3.696285228181953,82.10132112910892,83.78380215934257,85.15274989866532,2.2661212104349553,2.2960301759371573,2.3394028112612375,0.0065923752507015265,0.013639604544712376,0.022389923721493746,1.0
M2_partial_renorm,exponential,131072,1e+24,6,60.527837974440985,62.23832940231835,63.43509821657958,0.7287476057662158,0.8505938489361371,0.9358452460399567,11.965825000000002,11.965825000000002,11.965825000000002,299.89299999999986,299.89299999999986,299.89299999999986,2.0451697926252863,2.076051892556777,2.1201903816101324,0.0020043759626286683,0.004205525230166462,0.0070250282750384885,0.0
M2_partial_renorm,logarithmic,2048,1e+19,6,60.527837974440985,62.23832940231835,63.43509821657958,0.7287476057662158,0.8505938489361371,0.9358452460399567,0.5385627600277327,0.5572019381480124,0.5685256568666165,1.4423076810069815,1.4949980855621392,1.5885198462104673,3.332108627962527,3.354565060880009,3.384774909395925,0.4516474181229142,0.4660703899626505,0.47441990071652246,1.0
M2_partial_renorm,logarithmic,2048,1e+22,6,60.527837974440985,62.23832940231835,63.43509821657958,0.7287476057662158,0.8505938489361371,0.9358452460399567,8.628816920194781,8.677496629383754,8.707747322610722,169.1976131779099,170.25097102509437,171.96768076182136,2.1163430376390453,2.1469709648514375,2.1907011543338806,0.0488937920428744,0.05307632758918551,0.05565436272883574,1.0
M2_partial_renorm,logarithmic,2048,1e+24,6,60.527837974440985,62.23832940231835,63.43509821657958,0.7287476057662158,0.8505938489361371,0.9358452460399567,11.965825000000002,11.965825000000002,11.965825000000002,299.89299999999986,299.89299999999986,299.89299999999986,2.0451697926252863,2.076051892556777,2.1201903816101324,0.03574578653034245,0.03906015376316289,0.041123864305480054,0.0
M2_partial_renorm,logarithmic,4096,1e+19,6,60.527837974440985,62.23832940231835,63.43509821657958,0.7287476057662158,0.8505938489361371,0.9358452460399567,0.5162092170858602,0.5339539835348344,0.5447353317878082,1.42776157937283,1.47958120554346,1.5715041132703567,3.343105289583722,3.3656234357618064,3.3959384248057933,0.44680951076580233,0.46126413209151756,0.4696352350146308,1.0
M2_partial_renorm,logarithmic,4096,1e+22,6,60.527837974440985,62.23832940231835,63.43509821657958,0.7287476057662158,0.8505938489361371,0.9358452460399567,8.349017966558497,8.394916575504368,8.42344465372843,164.66200250943893,165.66124377787287,167.28892601696475,2.121471160672606,2.1521040071845228,2.1958421579846292,0.04756353009763967,0.05164546451137361,0.05416245916942985,1.0
M2_partial_renorm,logarithmic,4096,1e+24,6,60.527837974440985,62.23832940231835,63.43509821657958,0.7287476057662158,0.8505938489361371,0.9358452460399567,11.965825000000002,11.965825000000002,11.965825000000002,299.89299999999986,299.89299999999986,299.89299999999986,2.0451697926252863,2.076051892556777,2.1201903816101324,0.03367098577739025,0.036800318539257124,0.03874944704841622,0.0
M2_partial_renorm,logarithmic,8192,1e+19,6,60.527837974440985,62.23832940231835,63.43509821657958,0.7287476057662158,0.8505938489361371,0.9358452460399567,0.4777446988449291,0.4939595526855367,0.5038126523705305,1.4010245045232916,1.4512543435796577,1.540262062250621,3.363587272698949,3.386219306395513,3.4167282393255913,0.43792678153047004,0.4524331489406744,0.46084057867141964,1.0
M2_partial_renorm,logarithmic,8192,1e+22,6,60.527837974440985,62.23832940231835,63.43509821657958,0.7287476057662158,0.8505938489361371,0.9358452460399567,7.8608385517136075,7.902040108130942,7.927654752320028,156.63201226815403,157.5386735164297,159.0143002090975,2.130986654131453,2.1616283037324715,2.205380694819334,0.04521089132450774,0.04911322562150472,0.05152114537547249,1.0
M2_partial_renorm,logarithmic,8192,1e+24,6,60.527837974440985,62.23832940231835,63.43509821657958,0.7287476057662158,0.8505938489361371,0.9358452460399567,11.965825000000002,11.965825000000002,11.965825000000002,299.89299999999986,299.89299999999986,299.89299999999986,2.0451697926252863,2.076051892556777,2.1201903816101324,0.03016879717453217,0.0329837516960274,0.03473802595739844,0.0
M2_partial_renorm,logarithmic,32768,1e+19,6,60.527837974440985,62.23832940231835,63.43509821657958,0.7287476057662158,0.8505938489361371,0.9358452460399567,0.34142245088020134,0.35233010051937874,0.35896355867743446,1.2827755128294207,1.326164697825229,1.4026666893358652,3.4587037984053333,3.481846818419469,3.5132245168427865,0.39880571227134526,0.4134360797199919,0.4219448037695975,1.0
M2_partial_renorm,logarithmic,32768,1e+22,6,60.527837974440985,62.23832940231835,63.43509821657958,0.7287476057662158,0.8505938489361371,0.9358452460399567,6.047830566754111,6.073441450700491,6.089386484190138,125.41853182258603,126.00633584846327,126.9595534592359,2.1746003140731096,2.2052774715078796,2.2490872180767156,0.03609709671720697,0.03928291173138807,0.041254059864515524,1.0
M2_partial_renorm,logarithmic,32768,1e+24,6,60.527837974440985,62.23832940231835,63.43509821657958,0.7287476057662158,0.8505938489361371,0.9358452460399567,11.965825000000002,11.965825000000002,11.965825000000002,299.89299999999986,299.89299999999986,299.89299999999986,2.0451697926252863,2.076051892556777,2.1201903816101324,0.018576017845468466,0.020331964330953647,0.021428250871181918,0.0
M2_partial_renorm,logarithmic,131072,1e+19,6,60.527837974440985,62.23832940231835,63.43509821657958,0.7287476057662158,0.8505938489361371,0.9358452460399567,0.1832811385309644,0.18837770310946336,0.19148329918259918,1.0573248848903563,1.0886124682138023,1.1431852721687963,3.6654613901842588,3.689616022701144,3.7227062425636257,0.32503004469408386,0.33937845625567054,0.34778707311922297,1.0
M2_partial_renorm,logarithmic,131072,1e+22,6,60.527837974440985,62.23832940231835,63.43509821657958,0.7287476057662158,0.8505938489361371,0.9358452460399567,3.70065272380448,3.7109382696360607,3.7173535399112208,81.27330879004064,81.52405354531777,81.92859675723912,2.2666135666566714,2.297345610374286,2.3412437586842088,0.023293910544524954,0.025415407330161018,0.026733321603159995,1.0
M2_partial_renorm,logarithmic,131072,1e+24,6,60.527837974440985,62.23832940231835,63.43509821657958,0.7287476057662158,0.8505938489361371,0.9358452460399567,11.965825000000002,11.965825000000002,11.965825000000002,299.89299999999986,299.89299999999986,299.89299999999986,2.0451697926252863,2.076051892556777,2.1201903816101324,0.007321880595488315,0.008022696896970775,0.008461007608128741,0.0
M2_partial_renorm,power,2048,1e+19,6,60.527837974440985,62.23832940231835,63.43509821657958,0.7287476057662158,0.8505938489361371,0.9358452460399567,0.4256602961246251,0.5226174984064489,0.6029279275256558,1.2988344824128577,1.6760284999767396,2.4166233072321712,3.2990802317613275,3.3286638582148065,3.3575312198943665,0.3406697065811576,0.43857940028460807,0.4980619276457835,1.0
M2_partial_renorm,power,2048,1e+22,6,60.527837974440985,62.23832940231835,63.43509821657958,0.7287476057662158,0.8505938489361371,0.9358452460399567,8.366537741609498,8.588314061252493,8.802650801468461,165.95815212815583,173.4168453980845,181.69973555170486,2.1171426348521005,2.146223638595152,2.1885177258672646,0.02561408532765172,0.045381289694009216,0.06363970026726651,1.0
M2_partial_renorm,power,2048,1e+24,6,60.527837974440985,62.23832940231835,63.43509821657958,0.7287476057662158,0.8505938489361371,0.9358452460399567,11.965825000000002,11.965825000000002,11.965825000000002,299.89299999999986,299.89299999999986,299.89299999999986,2.0451697926252863,2.076051892556777,2.1201903816101324,0.01804849617212073,0.03299461777615177,0.04761758109393402,0.0
M2_partial_renorm,power,4096,1e+19,6,60.527837974440985,62.23832940231835,63.43509821657958,0.7287476057662158,0.8505938489361371,0.9358452460399567,0.40878288166878257,0.5010307634638591,0.577492287222299,1.2865510776584257,1.6574550462687183,2.382503691206574,3.3109980159937917,3.339921084039336,3.368349600882999,0.33585988804410777,0.4337192978959574,0.4933516305810523,1.0
M2_partial_renorm,power,4096,1e+22,6,60.527837974440985,62.23832940231835,63.43509821657958,0.7287476057662158,0.8505938489361371,0.9358452460399567,8.101912280653758,8.31083452685796,8.512960526765493,161.58674560881704,168.66219054860449,176.49679302124792,2.1222554616607714,2.151371309414214,2.1937026045722394,0.024880630138387753,0.04413705760136018,0.061963404182515926,1.0
M2_partial_renorm,power,4096,1e+24,6,60.527837974440985,62.23832940231835,63.43509821657958,0.7287476057662158,0.8505938489361371,0.9358452460399567,11.965825000000002,11.965825000000002,11.965825000000002,299.89299999999986,299.89299999999986,299.89299999999986,2.0451697926252863,2.076051892556777,2.1201903816101324,0.01698281166203703,0.031074362213166038,0.04488577945484455,0.0
M2_partial_renorm,power,8192,1e+19,6,60.527837974440985,62.23832940231835,63.43509821657958,0.7287476057662158,0.8505938489361371,0.9358452460399567,0.3796807337825813,0.46387780616361823,0.5337563338461982,1.263946389049319,1.6233759487693091,2.320268325808773,3.3331754193380183,3.360883662535478,3.3885023824828826,0.3270866118755931,0.4248018384336447,0.48468344773363486,1.0
M2_partial_renorm,power,8192,1e+22,6,60.527837974440985,62.23832940231835,63.43509821657958,0.7287476057662158,0.8505938489361371,0.9358452460399567,7.63931778586572,7.826579123870177,8.00808314723331,153.83757230758292,160.25792015360145,167.33080816801615,2.1317435633119515,2.1609217654095634,2.2033194697882656,0.023588507629607583,0.04193776660371895,0.05899184141274839,1.0
M2_partial_renorm,power,8192,1e+24,6,60.527837974440985,62.23832940231835,63.43509821657958,0.7287476057662158,0.8505938489361371,0.9358452460399567,11.965825000000002,11.965825000000002,11.965825000000002,299.89299999999986,299.89299999999986,299.89299999999986,2.0451697926252863,2.076051892556777,2.1201903816101324,0.015189110945659789,0.027834481262374446,0.04026572256135246,0.0
M2_partial_renorm,power,32768,1e+19,6,60.527837974440985,62.23832940231835,63.43509821657958,0.7287476057662158,0.8505938489361371,0.9358452460399567,0.275786641789031,0.3321035806221576,0.37914306556827615,1.1635627109268318,1.4736613218779198,2.0526259506678546,3.4358263508461215,3.458152253992151,3.482138589201599,0.2893572524279449,0.38562599588312707,0.44618948340842224,1.0
M2_partial_renorm,power,32768,1e+22,6,60.527837974440985,62.23832940231835,63.43509821657958,0.7287476057662158,0.8505938489361371,0.9358452460399567,5.910871458194802,6.026565152177578,6.139542534275502,123.5971037373855,127.7596630705174,132.2534242025573,2.1752464877757243,2.2046762145727845,2.24733956593767,0.018643673212372442,0.03343337056273403,0.047395578553284336,1.0
M2_partial_renorm,power,32768,1e+24,6,60.527837974440985,62.23832940231835,63.43509821657958,0.7287476057662158,0.8505938489361371,0.9358452460399567,11.965825000000002,11.965825000000002,11.965825000000002,299.89299999999986,299.89299999999986,299.89299999999986,2.0451697926252863,2.076051892556777,2.1201903816101324,0.00929730265331344,0.017122872702448277,0.024892644341433994,0.0
M2_partial_renorm,power,131072,1e+19,6,60.527837974440985,62.23832940231835,63.43509821657958,0.7287476057662158,0.8505938489361371,0.9358452460399567,0.15298909963197363,0.17893804342424013,0.20095591354901404,0.9700866249766257,1.1931578879313904,1.5777486709535928,3.657133345877488,3.669148197890356,3.685948262074447,0.22241413263869456,0.3122261672820628,0.37199752621410154,1.0
M2_partial_renorm,power,131072,1e+22,6,60.527837974440985,62.23832940231835,63.43509821657958,0.7287476057662158,0.8505938489361371,0.9358452460399567,3.6460774129326414,3.6921297795919346,3.7375945906426313,80.48999036879083,82.26618027860985,84.12842458568625,2.267087800931202,2.2969063781022383,2.339973722330395,0.011859525492850194,0.021528244141574962,0.030865364526506053,1.0
M2_partial_renorm,power,131072,1e+24,6,60.527837974440985,62.23832940231835,63.43509821657958,0.7287476057662158,0.8505938489361371,0.9358452460399567,11.965825000000002,11.965825000000002,11.965825000000002,299.89299999999986,299.89299999999986,299.89299999999986,2.0451697926252863,2.076051892556777,2.1201903816101324,0.003643732780299428,0.006743068964241069,0.009850035985133522,0.0
