model_a,model_b,domain,n,spearman,mean_abs_rank_gap_pp,conflict10_n,conflict20_n,conflict30_n,conflict20_rate,strong_n,top10_jaccard
CRITIC,PPGA,ALL,261086,0.83357261353147216,12.546844339740163,125842,55774,21458,0.21362309737021518,365,0.41708051778881383
CRITIC,PPGA,arxiv,17523,0.1389178108727484,30.585641074712576,13546,10599,7963,0.60486218113336754,1876,0.15263157894736842
CRITIC,PPGA,book,171,0.58174814601483205,20.662768031189085,117,77,43,0.45029239766081869,7,0.17241379310344829
CRITIC,PPGA,c4,10000,0.81409782137297826,13.233691999999998,5021,2338,915,0.23380000000000001,28,0.26422250316055623
CRITIC,PPGA,commoncrawl,9640,0.70669938181886582,16.855296912931937,5728,3209,1692,0.33288381742738588,75,0.23352527191298783
CRITIC,PPGA,github,203752,0.75328340515834868,15.331559201606071,111716,60389,29445,0.29638482076249556,1452,0.39483142221461576
CRITIC,PPGA,stackexchange,10000,0.58347151430671529,20.057283999999999,6390,4044,2522,0.40439999999999998,263,0.29701686121919585
CRITIC,PPGA,wikipedia,10000,0.584156931837569,20.426311999999999,6541,4244,2597,0.4244,231,0.2360939431396786
CRITIC,EQUAL,ALL,261086,0.98704113741575761,2.4997183534557585,7514,3651,1662,0.013983898025937814,0,0.86900032213035538
CRITIC,EQUAL,arxiv,17523,0.98632997824423307,3.4964392385196232,854,19,0,0.0010842892198824402,0,0.77958354494667348
CRITIC,EQUAL,book,171,0.97025703794369633,5.0613864094935197,16,5,0,0.029239766081871343,0,0.54545454545454541
CRITIC,EQUAL,c4,10000,0.99832612767526119,1.2037639999999998,2,0,0,0,0,0.91204588910133844
CRITIC,EQUAL,commoncrawl,9640,0.99416954390061574,2.2719413405416571,55,1,0,0.00010373443983402489,0,0.84851390220517742
CRITIC,EQUAL,github,203752,0.99510095136405585,2.0126391121339444,1434,105,19,0.00051533236483568257,0,0.88884768703068506
CRITIC,EQUAL,stackexchange,10000,0.99708454516684575,1.600514,22,0,0,0,0,0.90476190476190477
CRITIC,EQUAL,wikipedia,10000,0.99452163935721605,2.1183339999999999,79,5,0,0.00050000000000000001,0,0.93236714975845414
CRITIC,GROUP_EQUAL,ALL,261086,0.97802711992589964,3.4572328200488602,11074,4987,3021,0.01910098588204653,0,0.83549509648845299
CRITIC,GROUP_EQUAL,arxiv,17523,0.98216015281565816,4.0192397903377275,1361,36,0,0.0020544427324088342,0,0.73037037037037034
CRITIC,GROUP_EQUAL,book,171,0.95330597355221125,6.3335727232310806,34,6,2,0.035087719298245612,0,0.47826086956521741
CRITIC,GROUP_EQUAL,c4,10000,0.99435874991558726,2.2585959999999998,52,0,0,0,0,0.84842883548983361
CRITIC,GROUP_EQUAL,commoncrawl,9640,0.98297721885439193,3.9330525473046256,735,13,1,0.0013485477178423236,0,0.76073059360730588
CRITIC,GROUP_EQUAL,github,203752,0.99071427290557812,2.7987287012663136,4840,265,51,0.00130060073029958,0,0.83542023241149443
CRITIC,GROUP_EQUAL,stackexchange,10000,0.99169513739295156,2.6985179999999995,202,1,0,0.0001,0,0.83823529411764708
CRITIC,GROUP_EQUAL,wikipedia,10000,0.99067882098678806,2.8104080000000002,239,9,1,0.00089999999999999998,0,0.89933523266856596
CRITIC,GROUP_CRITIC,ALL,261086,0.97521503399821663,3.5538595477582073,11421,5638,3648,0.021594417165225251,0,0.80678869243278784
CRITIC,GROUP_CRITIC,arxiv,17523,0.98135472475253427,4.0958995400470384,1419,62,4,0.0035382069280374363,0,0.72525849335302806
CRITIC,GROUP_CRITIC,book,171,0.95761393908848735,5.70431927772648,23,6,2,0.035087719298245612,0,0.47826086956521741
CRITIC,GROUP_CRITIC,c4,10000,0.99493714696937186,2.1220060000000003,49,0,0,0,0,0.86219739292364994
CRITIC,GROUP_CRITIC,commoncrawl,9640,0.98541635189301313,3.6003770596236291,547,18,1,0.0018672199170124482,0,0.78024007386888272
CRITIC,GROUP_CRITIC,github,203752,0.99039655411294081,2.7952821777884056,5227,436,69,0.0021398562958891199,0,0.81797903189828236
CRITIC,GROUP_CRITIC,stackexchange,10000,0.99374825611348283,2.3819140000000001,79,1,0,0.0001,0,0.86219739292364994
CRITIC,GROUP_CRITIC,wikipedia,10000,0.98855477465754815,2.9661140000000001,373,25,6,0.0025000000000000001,0,0.87265917602996257
CRITIC,TOPSIS_CRITIC,ALL,261086,0.99904127624682448,0.90154542585858088,0,0,0,0,0,0.89380916113589381
CRITIC,TOPSIS_CRITIC,arxiv,17523,0.98900617019880877,3.1657681044395067,474,6,0,0.00034240712206813899,0,0.75551102204408815
CRITIC,TOPSIS_CRITIC,book,171,0.99538963688290516,1.8125235115078144,2,0,0,0,0,0.61904761904761907
CRITIC,TOPSIS_CRITIC,c4,10000,0.99327862541678691,2.3110620000000002,136,0,0,0,0,0.78094390026714156
CRITIC,TOPSIS_CRITIC,commoncrawl,9640,0.99413843597231266,2.156475439472461,82,0,0,0,0,0.800186741363212
CRITIC,TOPSIS_CRITIC,github,203752,0.99906713696780569,0.87782611418012024,0,0,0,0,0,0.90402766096626486
CRITIC,TOPSIS_CRITIC,stackexchange,10000,0.99619207250592123,1.7500099999999998,38,0,0,0,0,0.86393289841565701
CRITIC,TOPSIS_CRITIC,wikipedia,10000,0.99705102795451028,1.5933539999999999,3,0,0,0,0,0.88146754468485422
CRITIC,TOPSIS_GROUP,ALL,261086,0.97242005593833913,3.6714640871398205,11184,6175,4472,0.023651210712179127,0,0.76938194632691781
CRITIC,TOPSIS_GROUP,arxiv,17523,0.96542725086482362,5.5963786276585816,3146,297,20,0.016949152542372881,0,0.65127238454288405
CRITIC,TOPSIS_GROUP,book,171,0.95137398900808812,6.0599842686638627,27,6,3,0.035087719298245612,0,0.41666666666666669
CRITIC,TOPSIS_GROUP,c4,10000,0.9877283571372838,3.2481619999999998,459,2,0,0.00020000000000000001,0,0.75284837861524978
CRITIC,TOPSIS_GROUP,commoncrawl,9640,0.97437252145503883,4.817756667412751,1271,62,2,0.0064315352697095433,0,0.69569041336851367
CRITIC,TOPSIS_GROUP,github,203752,0.9914022082701438,2.6982241050622653,3907,318,64,0.0015607208763594959,0,0.83682668469686727
CRITIC,TOPSIS_GROUP,stackexchange,10000,0.98699226654592298,3.3697620000000001,441,12,0,0.0011999999999999999,0,0.78731009830205545
CRITIC,TOPSIS_GROUP,wikipedia,10000,0.98830217799102194,3.1810040000000002,332,14,7,0.0014,0,0.83486238532110091
CRITIC,BPPGA20,ALL,261086,0.91587919609651536,8.7447100130975297,88167,27471,4860,0.105218203963445,55,0.5741114762005245
CRITIC,BPPGA20,arxiv,17523,0.78242616594599812,14.577565870829833,9582,5084,2304,0.2901329680990698,30,0.43137254901960786
CRITIC,BPPGA20,book,171,0.89335205318357447,9.50035908484662,55,22,8,0.12865497076023391,1,0.47826086956521741
CRITIC,BPPGA20,c4,10000,0.95894200640541982,6.2496600000000004,2121,242,12,0.024199999999999999,0,0.58604282315622525
CRITIC,BPPGA20,commoncrawl,9640,0.96289525546424248,5.8180687315989736,1806,197,24,0.020435684647302905,0,0.64786324786324789
CRITIC,BPPGA20,github,203752,0.86252907472711016,11.360676970672914,91105,38592,12509,0.18940672974989203,129,0.59018184656208539
CRITIC,BPPGA20,stackexchange,10000,0.95116208791962098,6.5622900000000008,2251,399,59,0.039899999999999998,0,0.72265288544358308
CRITIC,BPPGA20,wikipedia,10000,0.95266185339461851,6.4821359999999997,2244,402,40,0.0402,0,0.77304964539007093
CRITIC,GEO_0.001,ALL,261086,0.89553221265117333,7.8153511377458846,63370,14027,7266,0.053725592333560591,2824,0.79227732967221554
CRITIC,GEO_0.001,arxiv,17523,0.93047833886671405,7.9954919163823295,5337,1349,186,0.076984534611653249,1,0.68786127167630062
CRITIC,GEO_0.001,book,171,0.63845729234166149,19.04175643787832,110,68,39,0.39766081871345027,0,0.25925925925925924
CRITIC,GEO_0.001,c4,10000,0.97228446025484461,4.9905840000000001,1321,111,13,0.0111,0,0.7667844522968198
CRITIC,GEO_0.001,commoncrawl,9640,0.96017916554667027,5.9635207727139692,1948,228,37,0.023651452282157676,0,0.71836007130124779
CRITIC,GEO_0.001,github,203752,0.93389625411690791,7.4171744568036191,53336,12480,4578,0.061250932506183992,34,0.76231457855814555
CRITIC,GEO_0.001,stackexchange,10000,0.97025347369853476,5.0663919999999996,1202,207,29,0.0207,0,0.77147918511957481
CRITIC,GEO_0.001,wikipedia,10000,0.97908694394286921,4.2186819999999994,965,47,8,0.0047000000000000002,0,0.8761726078799249
CRITIC,BPPGA15,ALL,261086,0.91633940476288922,8.7171722703752454,87889,27285,4850,0.10450579502539394,53,0.57496606846629472
CRITIC,BPPGA15,arxiv,17523,0.78185576016058278,14.597108264414285,9600,5094,2320,0.29070364663585002,30,0.42962056303549573
CRITIC,BPPGA15,book,171,0.89236566107471138,9.5687561984884226,54,20,8,0.11695906432748537,1,0.47826086956521741
CRITIC,BPPGA15,c4,10000,0.95923448266034494,6.2406899999999998,2115,236,11,0.023599999999999999,0,0.58604282315622525
CRITIC,BPPGA15,commoncrawl,9640,0.96368225576101207,5.7661477075119221,1785,178,20,0.018464730290456432,0,0.64927288280581696
CRITIC,BPPGA15,github,203752,0.86290563261746178,11.33646044733371,90903,38387,12480,0.18840060465664141,129,0.59491193737769077
CRITIC,BPPGA15,stackexchange,10000,0.95254598410545943,6.4700820000000006,2191,387,60,0.038699999999999998,0,0.72265288544358308
CRITIC,BPPGA15,wikipedia,10000,0.95554195026341959,6.260802,2112,357,35,0.035700000000000003,0,0.78412132024977699
CRITIC,BPPGA25,ALL,261086,0.91576176582080293,8.7501403353448701,88216,27519,4883,0.10540205143132914,55,0.57420638509541466
CRITIC,BPPGA25,arxiv,17523,0.78255108012474994,14.57308720208715,9574,5079,2304,0.28984762883067966,30,0.43137254901960786
CRITIC,BPPGA25,book,171,0.89323925408596727,9.5140385075749787,56,22,8,0.12865497076023391,1,0.47826086956521741
CRITIC,BPPGA25,c4,10000,0.95890333908103287,6.2526060000000001,2121,243,12,0.024299999999999999,0,0.58478605388272586
CRITIC,BPPGA25,commoncrawl,9640,0.96286595199387015,5.8203521805754033,1812,197,24,0.020435684647302905,0,0.64786324786324789
CRITIC,BPPGA25,github,203752,0.86232725297603496,11.368245115369231,91138,38645,12551,0.18966684989595195,128,0.58987163981116619
CRITIC,BPPGA25,stackexchange,10000,0.95101819097418205,6.5717720000000002,2248,402,61,0.0402,0,0.72265288544358308
CRITIC,BPPGA25,wikipedia,10000,0.95260052288200481,6.4856600000000002,2250,401,40,0.040099999999999997,0,0.77304964539007093
CRITIC,GEO_0.0001,ALL,261086,0.89519898494911843,7.8281822807037278,63550,14055,7275,0.053832836689826344,2828,0.79215430552218824
CRITIC,GEO_0.0001,arxiv,17523,0.93026127604501674,8.0081788724279903,5352,1351,189,0.077098670319009299,1,0.68786127167630062
CRITIC,GEO_0.0001,book,171,0.63812849497204027,19.048596149242503,110,68,39,0.39766081871345027,0,0.25925925925925924
CRITIC,GEO_0.0001,c4,10000,0.97220453552604513,4.9977039999999997,1325,113,13,0.011299999999999999,0,0.7667844522968198
CRITIC,GEO_0.0001,commoncrawl,9640,0.96011760309594929,5.968008040495171,1950,230,37,0.023858921161825725,0,0.71836007130124779
CRITIC,GEO_0.0001,github,203752,0.93368002119024474,7.4299446546669987,53476,12524,4608,0.061466881306686559,34,0.76193358699411973
CRITIC,GEO_0.0001,stackexchange,10000,0.97020327814203278,5.0708160000000007,1204,207,30,0.0207,0,0.77147918511957481
CRITIC,GEO_0.0001,wikipedia,10000,0.97904280817042832,4.2227979999999992,968,49,8,0.0048999999999999998,0,0.87441424554826619
CRITIC,GEO_0.01,ALL,261086,0.89892098872710502,7.6884443870589321,61852,13639,7111,0.05223949196816375,2766,0.79313897187596583
CRITIC,GEO_0.01,arxiv,17523,0.93233768307234943,7.8822615827249942,5241,1307,171,0.074587684757176281,1,0.68786127167630062
CRITIC,GEO_0.01,book,171,0.65302757577939397,18.720290003761843,110,69,38,0.40350877192982454,0,0.25925925925925924
CRITIC,GEO_0.01,c4,10000,0.97301389173413866,4.923881999999999,1284,101,12,0.0101,0,0.7667844522968198
CRITIC,GEO_0.01,commoncrawl,9640,0.96077420332797625,5.9200965031593809,1928,221,34,0.0229253112033195,0,0.71836007130124779
CRITIC,GEO_0.01,github,203752,0.9360119186171324,7.291455709361883,51951,12044,4342,0.05911107621029487,32,0.76437478351229649
CRITIC,GEO_0.01,stackexchange,10000,0.9707390528513905,5.0234799999999993,1175,198,29,0.019800000000000002,0,0.77147918511957481
CRITIC,GEO_0.01,wikipedia,10000,0.97952609904326138,4.1772679999999998,946,44,8,0.0044000000000000003,0,0.8779342723004695
PPGA,EQUAL,ALL,261086,0.78107391220501354,14.289348683590577,137220,68498,30849,0.26235799698183743,1142,0.35959590699612048
PPGA,EQUAL,arxiv,17523,0.12061809069287986,30.91678248203764,13639,10611,8058,0.60554699537750389,1938,0.18658990856755842
PPGA,EQUAL,book,171,0.50192478460172296,22.304298758592388,115,81,46,0.47368421052631576,8,0.17241379310344829
PPGA,EQUAL,c4,10000,0.79680266466002692,13.836564000000001,5223,2533,1032,0.25330000000000003,39,0.26023944549464401
PPGA,EQUAL,commoncrawl,9640,0.66050069143407042,18.185394104784699,5953,3530,1983,0.36618257261410786,118,0.20650813516896119
PPGA,EQUAL,github,203752,0.72212521711481448,16.364812680334676,117361,66010,33762,0.32397228002669914,1973,0.35292164674634796
PPGA,EQUAL,stackexchange,10000,0.56825858955058572,20.368115999999997,6406,4106,2561,0.41060000000000002,299,0.29449838187702265
PPGA,EQUAL,wikipedia,10000,0.52491495570514946,21.872900000000001,6747,4501,2840,0.4501,340,0.22399020807833536
PPGA,GROUP_EQUAL,ALL,261086,0.75718017982283059,15.027007713186695,141604,73631,34844,0.28201818557869823,1699,0.35125763378532243
PPGA,GROUP_EQUAL,arxiv,17523,0.11952578118507383,30.929428403160262,13617,10606,8086,0.60526165610911375,1941,0.18699186991869918
PPGA,GROUP_EQUAL,book,171,0.46477068183454523,23.056667008652241,117,85,49,0.49707602339181284,9,0.17241379310344829
PPGA,GROUP_EQUAL,c4,10000,0.78144005919840054,14.381820000000001,5374,2696,1136,0.26960000000000001,48,0.25944584382871538
PPGA,GROUP_EQUAL,commoncrawl,9640,0.62203997629792929,19.27392348616587,6126,3804,2240,0.39460580912863069,162,0.19233147804576375
PPGA,GROUP_EQUAL,github,203752,0.70473120896379648,16.900675738050705,119949,68728,36102,0.33731202638501706,2308,0.32805370877330203
PPGA,GROUP_EQUAL,stackexchange,10000,0.57692905661729055,20.091035999999999,6357,4069,2476,0.40689999999999998,292,0.29617627997407647
PPGA,GROUP_EQUAL,wikipedia,10000,0.50771334729713324,22.340789999999998,6801,4608,2968,0.46079999999999999,358,0.21654501216545013
PPGA,GROUP_CRITIC,ALL,261086,0.75788305808988632,14.9611488476868,140906,72734,34287,0.27858253602261324,1716,0.33266978026184824
PPGA,GROUP_CRITIC,arxiv,17523,0.1241122970196302,30.804862660525483,13573,10569,8022,0.60315014552302693,1918,0.19713016740690126
PPGA,GROUP_CRITIC,book,171,0.4613555091559266,23.1045449882015,116,83,51,0.4853801169590643,9,0.13333333333333333
PPGA,GROUP_CRITIC,c4,10000,0.78290929547309307,14.355549999999999,5355,2662,1131,0.26619999999999999,45,0.25313283208020049
PPGA,GROUP_CRITIC,commoncrawl,9640,0.630847072328653,19.010836159845734,6086,3702,2171,0.38402489626556019,150,0.20424734540911929
PPGA,GROUP_CRITIC,github,203752,0.7124920841328235,16.675579710750629,118823,67461,35087,0.33109368251599985,2193,0.32120740524592289
PPGA,GROUP_CRITIC,stackexchange,10000,0.57959921083199206,20.034272000000001,6348,4037,2478,0.4037,287,0.29870129870129869
PPGA,GROUP_CRITIC,wikipedia,10000,0.50155715969957149,22.456438000000002,6801,4648,3028,0.46479999999999999,368,0.21065375302663439
PPGA,TOPSIS_CRITIC,ALL,261086,0.83381515308994947,12.591962453448797,127289,55470,20886,0.2124587300736156,362,0.38391815965228454
PPGA,TOPSIS_CRITIC,arxiv,17523,0.11754522686870948,31.013462714752158,13654,10693,8082,0.61022655937910175,1952,0.17073170731707318
PPGA,TOPSIS_CRITIC,book,171,0.55775313797489623,21.162066960774254,117,78,39,0.45614035087719296,7,0.17241379310344829
PPGA,TOPSIS_CRITIC,c4,10000,0.7867953494839538,14.201472000000001,5275,2654,1145,0.26540000000000002,36,0.22925629993853719
PPGA,TOPSIS_CRITIC,commoncrawl,9640,0.67180754515413921,17.940544239940774,5951,3471,1949,0.36006224066390041,92,0.20726361928616155
PPGA,TOPSIS_CRITIC,github,203752,0.75788108358027595,15.173720860414566,111287,59115,28332,0.29013212140248928,1498,0.40769655934779603
PPGA,TOPSIS_CRITIC,stackexchange,10000,0.57147418347874179,20.375455999999996,6446,4123,2575,0.4123,276,0.2730744748567791
PPGA,TOPSIS_CRITIC,wikipedia,10000,0.57990585793505867,20.594326000000002,6594,4268,2654,0.42680000000000001,230,0.21876904326630103
PPGA,TOPSIS_GROUP,ALL,261086,0.76300897574980697,14.740288744124765,139625,69967,32241,0.26798449553020842,1791,0.31926934640357746
PPGA,TOPSIS_GROUP,arxiv,17523,0.11454165209406687,30.973567650690306,13548,10656,8071,0.60811504879301492,1973,0.20578114246386786
PPGA,TOPSIS_GROUP,book,171,0.45285237718098259,23.248178926849285,117,83,51,0.4853801169590643,9,0.13333333333333333
PPGA,TOPSIS_GROUP,c4,10000,0.7609089399730895,15.101272,5473,2896,1338,0.28960000000000002,54,0.22174709835064141
PPGA,TOPSIS_GROUP,commoncrawl,9640,0.59618635665383646,20.018794872677812,6269,3964,2406,0.41120331950207467,168,0.19012345679012346
PPGA,TOPSIS_GROUP,github,203752,0.72797777793793172,16.153070699423061,116506,64093,32125,0.3145637834229848,2103,0.34315567421470716
PPGA,TOPSIS_GROUP,stackexchange,10000,0.57269523785095244,20.204674000000001,6352,4077,2493,0.40770000000000001,297,0.28205128205128205
PPGA,TOPSIS_GROUP,wikipedia,10000,0.50998659548386616,22.317755999999999,6799,4630,3052,0.46300000000000002,337,0.20048019207683074
PPGA,BPPGA20,ALL,261086,0.89084848579336307,9.8859059496183175,96828,36628,11387,0.14029093861792666,49,0.66676242459063484
PPGA,BPPGA20,arxiv,17523,0.14596508837627917,30.335942265348358,13490,10479,7903,0.59801403869200476,1783,0.072872014696876916
PPGA,BPPGA20,book,171,0.63026375788993672,19.554734790191855,111,74,40,0.43274853801169588,1,0.096774193548387094
PPGA,BPPGA20,c4,10000,0.84070190010701906,12.378266,4910,2047,700,0.20469999999999999,13,0.27551020408163263
PPGA,BPPGA20,commoncrawl,9640,0.75846406234137076,15.342990823160759,5393,2905,1358,0.30134854771784231,33,0.24306898774983882
PPGA,BPPGA20,github,203752,0.81901569369565164,12.77431802969677,94271,46986,20807,0.23060387137304172,546,0.56990407211927419
PPGA,BPPGA20,stackexchange,10000,0.68917313700373151,17.070458000000002,5839,3404,1826,0.34039999999999998,145,0.36798905608755128
PPGA,BPPGA20,wikipedia,10000,0.70291734855317323,17.089891999999999,5925,3432,1927,0.34320000000000001,60,0.28287363694676076
PPGA,GEO_0.001,ALL,261086,0.71468984555828674,15.226750559986113,138415,69034,32356,0.26441096037321038,5495,0.36453433678269048
PPGA,GEO_0.001,arxiv,17523,0.087593065071664714,31.819954624559127,13908,11008,8355,0.62820293328767907,1984,0.19224225927186117
PPGA,GEO_0.001,book,171,0.24802361581107346,28.542115522724945,129,96,68,0.56140350877192979,13,0.17241379310344829
PPGA,GEO_0.001,c4,10000,0.7473236995052368,15.537258,5632,3045,1438,0.30449999999999999,61,0.24378109452736318
PPGA,GEO_0.001,commoncrawl,9640,0.58352514787839738,20.388847041201082,6311,4087,2467,0.42396265560165974,198,0.18209687308399755
PPGA,GEO_0.001,github,203752,0.73459600637220246,15.922539121940314,114614,63871,32654,0.31347422356590365,1520,0.36607442172309757
PPGA,GEO_0.001,stackexchange,10000,0.61564118977241167,19.072755999999998,6185,3831,2215,0.3831,247,0.30548302872062666
PPGA,GEO_0.001,wikipedia,10000,0.51785704317057024,22.172575999999999,6790,4586,3005,0.45860000000000001,321,0.21654501216545013
PPGA,BPPGA15,ALL,261086,0.88557682876388299,10.133077701906362,99396,38594,12399,0.14782102449001477,65,0.66204086829206188
PPGA,BPPGA15,arxiv,17523,0.14505155527485489,30.355606461005955,13494,10477,7902,0.59789990298464879,1786,0.072215422276621782
PPGA,BPPGA15,book,171,0.61677826577387385,19.958277760678499,111,74,40,0.43274853801169588,1,0.096774193548387094
PPGA,BPPGA15,c4,10000,0.83384024294240278,12.633827999999999,4989,2136,758,0.21360000000000001,15,0.27226463104325699
PPGA,BPPGA15,commoncrawl,9640,0.7458103785100727,15.75343270604845,5486,3008,1465,0.31203319502074689,41,0.23748395378690629
PPGA,BPPGA15,github,203752,0.8113038648230172,13.075710338966969,96404,48645,22060,0.23874612273744553,634,0.55114004034867348
PPGA,BPPGA15,stackexchange,10000,0.68344888462248876,17.246851999999997,5870,3446,1858,0.34460000000000002,155,0.36239782016348776
PPGA,BPPGA15,wikipedia,10000,0.68907268293872692,17.503461999999999,6014,3540,1996,0.35399999999999998,76,0.27877237851662406
PPGA,BPPGA25,ALL,261086,0.89090407406366823,9.8832535882235142,96807,36595,11385,0.14016454348375632,48,0.66681562819203266
PPGA,BPPGA25,arxiv,17523,0.1459893548724269,30.335604867092297,13490,10478,7904,0.59795697083832677,1783,0.072872014696876916
PPGA,BPPGA25,book,171,0.63077975376196982,19.541055367463493,110,74,40,0.43274853801169588,1,0.096774193548387094
PPGA,BPPGA25,c4,10000,0.84081527856815308,12.374429999999998,4913,2048,701,0.20480000000000001,13,0.27469725940089229
PPGA,BPPGA25,commoncrawl,9640,0.75868559110141809,15.336052237392606,5392,2902,1356,0.30103734439834023,33,0.24306898774983882
PPGA,BPPGA25,github,203752,0.81910633596794746,12.770841960184432,94260,46978,20795,0.23056460795476855,543,0.57014603321388668
PPGA,BPPGA25,stackexchange,10000,0.68947702413077039,17.061446,5837,3401,1822,0.34010000000000001,142,0.36798905608755128
PPGA,BPPGA25,wikipedia,10000,0.70297359201373588,17.088560000000001,5927,3429,1925,0.34289999999999998,60,0.28287363694676076
PPGA,GEO_0.0001,ALL,261086,0.71441964436854832,15.230704815741385,138432,69061,32367,0.26451437457389521,5501,0.36449868039405264
PPGA,GEO_0.0001,arxiv,17523,0.087390829256310198,31.825849975168502,13912,11008,8355,0.62820293328767907,1984,0.19224225927186117
PPGA,GEO_0.0001,book,171,0.24744762041903662,28.555794945453297,128,96,69,0.56140350877192979,13,0.17241379310344829
PPGA,GEO_0.0001,c4,10000,0.74722571627625711,15.540432000000001,5630,3046,1440,0.30459999999999998,61,0.24378109452736318
PPGA,GEO_0.0001,commoncrawl,9640,0.58343683531570856,20.391216576849573,6312,4086,2468,0.42385892116182572,198,0.18209687308399755
PPGA,GEO_0.0001,github,203752,0.73453745333886744,15.924731516702678,114632,63894,32662,0.31358710589343908,1519,0.36607442172309757
PPGA,GEO_0.0001,stackexchange,10000,0.61568141436081458,19.071635999999998,6185,3831,2214,0.3831,247,0.30548302872062666
PPGA,GEO_0.0001,wikipedia,10000,0.51784617961846169,22.172896000000001,6789,4584,3006,0.45839999999999997,321,0.21654501216545013
PPGA,GEO_0.01,ALL,261086,0.71747543176131034,15.185484850519581,138267,68909,32285,0.26393219092559539,5424,0.36449868039405264
PPGA,GEO_0.01,arxiv,17523,0.089221161474751842,31.773422975881346,13886,11000,8346,0.62774639045825487,1985,0.19224225927186117
PPGA,GEO_0.01,book,171,0.25430196558427531,28.31640504770699,127,98,67,0.57309941520467833,12,0.17241379310344829
PPGA,GEO_0.01,c4,10000,0.74822781211827794,15.507166,5617,3041,1431,0.30409999999999998,61,0.24378109452736318
PPGA,GEO_0.01,commoncrawl,9640,0.58436707326302928,20.36662376680842,6305,4077,2464,0.4229253112033195,196,0.18209687308399755
PPGA,GEO_0.01,github,203752,0.73515000953885612,15.901555097600706,114518,63718,32533,0.31272331069142878,1526,0.36579970505429682
PPGA,GEO_0.01,stackexchange,10000,0.61525306942453073,19.082436000000001,6187,3834,2217,0.38340000000000002,247,0.30548302872062666
PPGA,GEO_0.01,wikipedia,10000,0.51795385986753861,22.168336,6791,4586,3009,0.45860000000000001,321,0.21654501216545013
EQUAL,GROUP_EQUAL,ALL,261086,0.99787136258252118,1.2685186752641024,222,0,0,0,0,0.94386330640658156
EQUAL,GROUP_EQUAL,arxiv,17523,0.99931441937542864,0.79281751021653157,0,0,0,0,0,0.92316136114160263
EQUAL,GROUP_EQUAL,book,171,0.99641202870377021,1.7099278410451082,1,0,0,0,0,0.88888888888888884
EQUAL,GROUP_EQUAL,c4,10000,0.99847497494474968,1.1980379999999999,0,0,0,0,0,0.92492781520692979
EQUAL,GROUP_EQUAL,commoncrawl,9640,0.99670034899861848,1.7379392572441934,2,0,0,0,0,0.89205103042198231
EQUAL,GROUP_EQUAL,github,203752,0.99830064977254296,1.2131065976323205,12,0,0,0,0,0.92434831885153002
EQUAL,GROUP_EQUAL,stackexchange,10000,0.99747841494278433,1.4891779999999999,0,0,0,0,0,0.91754554170661551
EQUAL,GROUP_EQUAL,wikipedia,10000,0.99814417947344181,1.30244,0,0,0,0,0,0.96078431372549022
EQUAL,GROUP_CRITIC,ALL,261086,0.99566782256393804,1.7801836061026246,3254,3,0,1.1490466742759092e-05,0,0.91281731931572585
EQUAL,GROUP_CRITIC,arxiv,17523,0.99884961902214953,1.0054989109152306,3,0,0,0,0,0.90228013029315957
EQUAL,GROUP_CRITIC,book,171,0.99593923248614002,1.6894087069525665,2,0,0,0,0,0.78947368421052633
EQUAL,GROUP_CRITIC,c4,10000,0.99757457085974588,1.5119219999999998,0,0,0,0,0,0.89933523266856596
EQUAL,GROUP_CRITIC,commoncrawl,9640,0.99678123958629339,1.6964949811470189,8,0,0,0,0,0.8901960784313725
EQUAL,GROUP_CRITIC,github,203752,0.99654450957449325,1.7367068274030961,283,0,0,0,0,0.89464385344987907
EQUAL,GROUP_CRITIC,stackexchange,10000,0.99663161932231636,1.7323239999999998,11,0,0,0,0,0.91570881226053635
EQUAL,GROUP_CRITIC,wikipedia,10000,0.99317747647977483,2.3986879999999999,153,0,0,0,0,0.92122958693563883
EQUAL,TOPSIS_CRITIC,ALL,261086,0.98774282224296817,2.59603920388358,7164,3094,999,0.011850501367365542,0,0.88997068297803028
EQUAL,TOPSIS_CRITIC,arxiv,17523,0.9914108123920885,2.7742591145460205,301,4,0,0.00022827141471209268,0,0.70677057963955192
EQUAL,TOPSIS_CRITIC,book,171,0.98176254589963285,3.768680961663418,9,3,0,0.017543859649122806,0,0.69999999999999996
EQUAL,TOPSIS_CRITIC,c4,10000,0.99313907856739148,2.4298799999999998,124,0,0,0,0,0.78253119429590012
EQUAL,TOPSIS_CRITIC,commoncrawl,9640,0.99208211810290303,2.5605426042940032,190,2,0,0.00020746887966804979,0,0.78024007386888272
EQUAL,TOPSIS_CRITIC,github,203752,0.99318960639356535,2.4114382317605116,2347,129,22,0.00063312261965526716,0,0.82719038651242038
EQUAL,TOPSIS_CRITIC,stackexchange,10000,0.9946021214980213,2.175268,69,0,0,0,0,0.86219739292364994
EQUAL,TOPSIS_CRITIC,wikipedia,10000,0.99195680371956818,2.6891039999999999,168,0,0,0,0,0.8674136321195145
EQUAL,TOPSIS_GROUP,ALL,261086,0.99280765180054509,2.2963974419324624,5712,40,0,0.00015320622323678788,0,0.86759656652360517
EQUAL,TOPSIS_GROUP,arxiv,17523,0.99262512846614048,2.5767756163739359,232,0,0,0,0,0.7661290322580645
EQUAL,TOPSIS_GROUP,book,171,0.99423044615643108,1.874080913785438,2,1,0,0.0058479532163742687,0,0.78947368421052633
EQUAL,TOPSIS_GROUP,c4,10000,0.99166476952064819,2.6831479999999996,201,0,0,0,0,0.77619893428063946
EQUAL,TOPSIS_GROUP,commoncrawl,9640,0.98958896619046577,3.0373938981766844,282,0,0,0,0,0.77368905243790254
EQUAL,TOPSIS_GROUP,github,203752,0.99431758068351184,2.2368534892353371,1244,1,0,4.9079272841493577e-06,0,0.86192086265192358
EQUAL,TOPSIS_GROUP,stackexchange,10000,0.99067015751470167,2.8586279999999999,237,3,0,0.00029999999999999997,0,0.82149362477231325
EQUAL,TOPSIS_GROUP,wikipedia,10000,0.99186616810266204,2.7978300000000003,115,0,0,0,0,0.87090739008419082
EQUAL,BPPGA20,ALL,261086,0.8671809916784301,10.762128581891028,104407,44028,13955,0.16863408991673243,597,0.50025857610756763
EQUAL,BPPGA20,arxiv,17523,0.69719670012219259,17.395637256217586,10601,6372,3451,0.36363636363636365,85,0.3508095605242868
EQUAL,BPPGA20,book,171,0.78726570187438494,13.453712253342911,86,32,13,0.1871345029239766,2,0.25925925925925924
EQUAL,BPPGA20,c4,10000,0.95758645463986469,6.2774720000000004,2095,281,24,0.0281,0,0.60384923817161185
EQUAL,BPPGA20,commoncrawl,9640,0.95327588302240684,6.3731448322170756,2090,352,69,0.036514522821576766,1,0.63528413910093295
EQUAL,BPPGA20,github,203752,0.82505383307296176,12.89708816191043,100776,48432,18954,0.23770073422592169,361,0.53212768357333529
EQUAL,BPPGA20,stackexchange,10000,0.941383108217831,7.1584679999999992,2554,546,110,0.054600000000000003,1,0.7021276595744681
EQUAL,BPPGA20,wikipedia,10000,0.93155329279553301,7.8040779999999996,2937,766,111,0.076600000000000001,0,0.74672489082969429
EQUAL,GEO_0.001,ALL,261086,0.92152080567394945,7.4999353009343492,67430,16429,6728,0.062925626038929705,296,0.84679045092838201
EQUAL,GEO_0.001,arxiv,17523,0.97074405175500533,4.7570040661928603,2388,413,7,0.023569023569023569,0,0.87781350482315113
EQUAL,GEO_0.001,book,171,0.76338829289365684,14.807975103450637,93,43,25,0.25146198830409355,0,0.54545454545454541
EQUAL,GEO_0.001,c4,10000,0.97887670508076663,4.3164760000000006,843,75,10,0.0074999999999999997,0,0.82648401826484019
EQUAL,GEO_0.001,commoncrawl,9640,0.97943217857304654,4.2185891255315857,739,79,8,0.0081950207468879672,0,0.84145176695319956
EQUAL,GEO_0.001,github,203752,0.91957336424735947,8.2865095571305485,62953,17335,5877,0.085078919470729125,16,0.73618507945975886
EQUAL,GEO_0.001,stackexchange,10000,0.97567150616471476,4.5861799999999997,983,120,18,0.012,0,0.83486238532110091
EQUAL,GEO_0.001,wikipedia,10000,0.98343064087830601,3.6421379999999997,641,62,6,0.0061999999999999998,0,0.92678227360308285
EQUAL,BPPGA15,ALL,261086,0.86812690657863767,10.715444286250579,103886,43595,13844,0.16697563255019418,593,0.50125061093062706
EQUAL,BPPGA15,arxiv,17523,0.69683076276918454,17.406900365568731,10612,6365,3464,0.36323688866061749,85,0.35028901734104045
EQUAL,BPPGA15,book,171,0.78704490364077062,13.47423138743545,85,33,13,0.19298245614035087,2,0.25925925925925924
EQUAL,BPPGA15,c4,10000,0.95846680719266808,6.2271460000000003,2064,266,21,0.026599999999999999,0,0.60384923817161185
EQUAL,BPPGA15,commoncrawl,9640,0.95577225621956152,6.2072687281555075,1982,315,60,0.032676348547717844,1,0.64085106382978718
EQUAL,BPPGA15,github,203752,0.82586263218282419,12.858720393636355,100424,48236,18838,0.23673878047822844,349,0.53761980227907324
EQUAL,BPPGA15,stackexchange,10000,0.94334358854543632,7.0360900000000006,2509,527,100,0.052699999999999997,1,0.70502983802216534
EQUAL,BPPGA15,wikipedia,10000,0.93607469554874678,7.5162779999999998,2783,693,90,0.0693,0,0.76211453744493396
EQUAL,BPPGA25,ALL,261086,0.86704303070366584,10.767710164520631,104441,44086,13991,0.16885623894042576,597,0.50034478795540738
EQUAL,BPPGA25,arxiv,17523,0.69734799337252895,17.390890883453203,10600,6367,3451,0.36335102436797351,85,0.3508095605242868
EQUAL,BPPGA25,book,171,0.78716010271917813,13.460551964707088,86,32,13,0.1871345029239766,2,0.25925925925925924
EQUAL,BPPGA25,c4,10000,0.95752989856729875,6.2815699999999994,2096,281,24,0.0281,0,0.60256410256410253
EQUAL,BPPGA25,commoncrawl,9640,0.95322425219647133,6.376971384790207,2090,353,69,0.03661825726141079,1,0.63528413910093295
EQUAL,BPPGA25,github,203752,0.82482498976655672,12.905079427209669,100786,48493,19003,0.23800011779025482,360,0.53178212983498097
EQUAL,BPPGA25,stackexchange,10000,0.94122828737228315,7.1681919999999995,2558,548,110,0.054800000000000001,1,0.7021276595744681
EQUAL,BPPGA25,wikipedia,10000,0.93149009535890126,7.8073740000000003,2938,768,112,0.076799999999999993,0,0.74672489082969429
EQUAL,GEO_0.0001,ALL,261086,0.92122842138865857,7.5134004529844667,67585,16492,6755,0.063166925840527646,297,0.84665982954344521
EQUAL,GEO_0.0001,arxiv,17523,0.97057595417935205,4.770122214604382,2401,417,7,0.023797294983735662,0,0.87781350482315113
EQUAL,GEO_0.0001,book,171,0.76307629538963673,14.814814814814818,94,43,25,0.25146198830409355,0,0.54545454545454541
EQUAL,GEO_0.0001,c4,10000,0.97880092829600929,4.3239320000000001,848,75,10,0.0074999999999999997,0,0.82648401826484019
EQUAL,GEO_0.0001,commoncrawl,9640,0.9793809322035848,4.2237177390196452,740,79,8,0.0081950207468879672,0,0.84145176695319956
EQUAL,GEO_0.0001,github,203752,0.91932728991008494,8.2998014474883313,63103,17392,5907,0.085358671325925631,16,0.73574136388806066
EQUAL,GEO_0.0001,stackexchange,10000,0.97562050044020499,4.5910599999999997,987,123,18,0.0123,0,0.83486238532110091
EQUAL,GEO_0.0001,wikipedia,10000,0.98338282495782858,3.6471660000000004,642,63,6,0.0063,0,0.92492781520692979
EQUAL,GEO_0.01,ALL,261086,0.92447940148189522,7.3680371952881778,65954,15930,6434,0.061014378404050773,279,0.84829392609372789
EQUAL,GEO_0.01,arxiv,17523,0.9721770989624815,4.6405339276597095,2278,372,5,0.02122924156822462,0,0.87781350482315113
EQUAL,GEO_0.01,book,171,0.77683538531691765,14.513867514790876,92,42,25,0.24561403508771928,0,0.54545454545454541
EQUAL,GEO_0.01,c4,10000,0.9795663183396629,4.2464440000000003,805,69,7,0.0068999999999999999,0,0.82648401826484019
EQUAL,GEO_0.01,commoncrawl,9640,0.97992651252149843,4.1694185706168971,711,74,5,0.0076763485477178419,0,0.84145176695319956
EQUAL,GEO_0.01,github,203752,0.92198667244264876,8.1553398288933572,61665,16740,5612,0.082158702736660247,16,0.73907476954592011
EQUAL,GEO_0.01,stackexchange,10000,0.97616635788566353,4.5391539999999999,962,117,18,0.0117,0,0.83486238532110091
EQUAL,GEO_0.01,wikipedia,10000,0.98390543663905439,3.5914519999999999,612,58,5,0.0057999999999999996,0,0.92864030858244939
GROUP_EQUAL,GROUP_CRITIC,ALL,261086,0.99742255468269103,1.4613318401523994,707,0,0,0,0,0.9265791027154664
GROUP_EQUAL,GROUP_CRITIC,arxiv,17523,0.99920662548096573,0.82330645803156988,2,0,0,0,0,0.92421746293245466
GROUP_EQUAL,GROUP_CRITIC,book,171,0.99812081503347938,1.2653466023733799,0,0,0,0,0,0.78947368421052633
GROUP_EQUAL,GROUP_CRITIC,c4,10000,0.99789895997498967,1.3891359999999999,0,0,0,0,0,0.88857412653446644
GROUP_EQUAL,GROUP_CRITIC,commoncrawl,9640,0.99762158930350964,1.4615214097553417,1,0,0,0,0,0.90138067061143989
GROUP_EQUAL,GROUP_CRITIC,github,203752,0.99700408972345833,1.6279557320984068,251,0,0,0,0,0.91521361094139209
GROUP_EQUAL,GROUP_CRITIC,stackexchange,10000,0.99758724116787234,1.4482079999999999,9,0,0,0,0,0.92122958693563883
GROUP_EQUAL,GROUP_CRITIC,wikipedia,10000,0.99608518785685196,1.842112,9,0,0,0,0,0.94174757281553401
GROUP_EQUAL,TOPSIS_CRITIC,ALL,261086,0.97950598243820053,3.4829758882919086,11918,4511,2475,0.017277831825528753,0,0.86127250044555337
GROUP_EQUAL,TOPSIS_CRITIC,arxiv,17523,0.98782249609439754,3.3481514022826797,664,6,0,0.00034240712206813899,0,0.66302800189843381
GROUP_EQUAL,TOPSIS_CRITIC,book,171,0.96753545971632249,5.095584966314421,17,5,2,0.029239766081871343,0,0.61904761904761907
GROUP_EQUAL,TOPSIS_CRITIC,c4,10000,0.98978948542589518,3.019396,278,1,0,0.0001,0,0.76056338028169013
GROUP_EQUAL,TOPSIS_CRITIC,commoncrawl,9640,0.98356880617200371,3.8011311788708873,614,36,0,0.0037344398340248964,0,0.71682991985752453
GROUP_EQUAL,TOPSIS_CRITIC,github,203752,0.98905745392142808,3.0653743393013384,6461,342,60,0.0016785111311790806,0,0.78884986830553117
GROUP_EQUAL,TOPSIS_CRITIC,stackexchange,10000,0.99115937185159386,2.8511760000000002,205,1,0,0.0001,0,0.82815356489945158
GROUP_EQUAL,TOPSIS_CRITIC,wikipedia,10000,0.98831227521112275,3.1335820000000001,381,14,0,0.0014,0,0.85185185185185186
GROUP_EQUAL,TOPSIS_GROUP,ALL,261086,0.99542677929438195,1.9487044691996658,2203,1,0,3.8301555809196969e-06,0,0.8848541726826451
GROUP_EQUAL,TOPSIS_GROUP,arxiv,17523,0.99339723595263896,2.4410158072743902,172,0,0,0,0,0.76080402010050252
GROUP_EQUAL,TOPSIS_GROUP,book,171,0.99714642282861754,1.5252556342122363,1,0,0,0,0,0.78947368421052633
GROUP_EQUAL,TOPSIS_GROUP,c4,10000,0.99252819982928242,2.5136419999999999,161,0,0,0,0,0.77777777777777779
GROUP_EQUAL,TOPSIS_GROUP,commoncrawl,9640,0.99336952215512164,2.3738765689295986,111,1,0,0.00010373443983402489,0,0.79182156133828996
GROUP_EQUAL,TOPSIS_GROUP,github,203752,0.99518601848186683,2.0874246007747539,853,0,0,0,0,0.87313261319236957
GROUP_EQUAL,TOPSIS_GROUP,stackexchange,10000,0.99366414968464145,2.3587800000000003,106,0,0,0,0,0.83992640294388221
GROUP_EQUAL,TOPSIS_GROUP,wikipedia,10000,0.99445298459653009,2.3223780000000001,26,0,0,0,0,0.8779342723004695
GROUP_EQUAL,BPPGA20,ALL,261086,0.85331508344483964,11.236890386352732,108035,47568,15314,0.18219284067318814,1001,0.49463319689727225
GROUP_EQUAL,BPPGA20,arxiv,17523,0.69203881948514501,17.574970291448487,10704,6451,3534,0.36814472407692744,80,0.34355828220858897
GROUP_EQUAL,BPPGA20,book,171,0.76246190030479732,14.247118771587838,91,35,14,0.2046783625730994,3,0.25925925925925924
GROUP_EQUAL,BPPGA20,c4,10000,0.96084709958047076,5.9524259999999991,1934,254,22,0.025399999999999999,0,0.61943319838056676
GROUP_EQUAL,BPPGA20,commoncrawl,9640,0.94567734083093336,6.8172078648783589,2270,490,96,0.050829875518672199,2,0.61609388097233864
GROUP_EQUAL,BPPGA20,github,203752,0.81982671969924314,13.139563052966778,102660,50265,19363,0.24669696493776749,436,0.50981845127825121
GROUP_EQUAL,BPPGA20,stackexchange,10000,0.94386019567860202,7.0041279999999997,2446,507,101,0.050700000000000002,1,0.6992353440951572
GROUP_EQUAL,BPPGA20,wikipedia,10000,0.9259312517353131,8.0357760000000003,3032,861,160,0.086099999999999996,2,0.73160173160173159
GROUP_EQUAL,GEO_0.001,ALL,261086,0.9311190741809231,7.1435803725135658,64614,15444,4962,0.059152922791723801,147,0.87261968800430334
GROUP_EQUAL,GEO_0.001,arxiv,17523,0.97308586974999423,4.4506282119414298,2228,361,2,0.020601495177766365,0,0.91475409836065569
GROUP_EQUAL,GEO_0.001,book,171,0.77482660138718884,14.226599637495298,88,45,21,0.26315789473684209,0,0.54545454545454541
GROUP_EQUAL,GEO_0.001,c4,10000,0.98337965478579648,3.7338840000000002,546,58,8,0.0057999999999999996,0,0.8761726078799249
GROUP_EQUAL,GEO_0.001,commoncrawl,9640,0.98820508278561581,3.108972813828963,351,26,1,0.0026970954356846473,0,0.91459781529294937
GROUP_EQUAL,GEO_0.001,github,203752,0.92372402706909762,8.1714401919483972,62370,17143,5099,0.084136597432172444,0,0.73811047131584562
GROUP_EQUAL,GEO_0.001,stackexchange,10000,0.98567235173272316,3.4423539999999999,473,51,5,0.0051000000000000004,0,0.89753320683111959
GROUP_EQUAL,GEO_0.001,wikipedia,10000,0.98654016506540121,3.1888580000000002,481,38,2,0.0038,0,0.94741966893865626
GROUP_EQUAL,BPPGA15,ALL,261086,0.85475070383532703,11.167106901616972,107370,46951,15139,0.17982963467976068,996,0.4959177242386914
GROUP_EQUAL,BPPGA15,arxiv,17523,0.69184737296985221,17.582157916459469,10700,6460,3524,0.36865833476002968,79,0.3430433116136451
GROUP_EQUAL,BPPGA15,book,171,0.76335229318165432,14.206080503402758,90,35,14,0.2046783625730994,3,0.25925925925925924
GROUP_EQUAL,BPPGA15,c4,10000,0.96227493497874939,5.8559920000000005,1873,236,20,0.023599999999999999,0,0.62206001622060014
GROUP_EQUAL,BPPGA15,commoncrawl,9640,0.94955804093558294,6.5577641569532199,2116,435,85,0.045124481327800829,2,0.62426284751474304
GROUP_EQUAL,BPPGA15,github,203752,0.82122525342272834,13.081544647401978,102253,49894,19223,0.24487612391534808,416,0.51712583767684284
GROUP_EQUAL,BPPGA15,stackexchange,10000,0.94612602148126079,6.860614,2375,476,89,0.047600000000000003,1,0.70357751277683134
GROUP_EQUAL,BPPGA15,wikipedia,10000,0.93102797781427982,7.7249259999999991,2834,775,128,0.077499999999999999,2,0.74825174825174823
GROUP_EQUAL,BPPGA25,ALL,261086,0.853173342291357,11.242612895751957,108047,47626,15355,0.1824149896968815,1001,0.49467597893290588
GROUP_EQUAL,BPPGA25,arxiv,17523,0.69219444897346971,17.570203075548591,10699,6450,3532,0.36808765622324946,80,0.34355828220858897
GROUP_EQUAL,BPPGA25,book,171,0.76234670122639003,14.2607981943162,91,35,14,0.2046783625730994,3,0.25925925925925924
GROUP_EQUAL,BPPGA25,c4,10000,0.96078383161983849,5.9571559999999995,1940,254,23,0.025399999999999999,0,0.6181229773462783
GROUP_EQUAL,BPPGA25,commoncrawl,9640,0.94560986378373602,6.8219318710077301,2275,491,97,0.050933609958506224,2,0.61609388097233864
GROUP_EQUAL,BPPGA25,github,203752,0.81959185863375472,13.147899351200261,102696,50319,19411,0.24696199301111155,437,0.50948288635353389
GROUP_EQUAL,BPPGA25,stackexchange,10000,0.94372988443729899,7.0124100000000009,2451,507,102,0.050700000000000002,1,0.6992353440951572
GROUP_EQUAL,BPPGA25,wikipedia,10000,0.9258610699506109,8.0394820000000013,3033,863,160,0.086300000000000002,2,0.73160173160173159
GROUP_EQUAL,GEO_0.0001,ALL,261086,0.9308477192444613,7.1571035418426305,64787,15496,4988,0.059352090881931621,148,0.87248538745652093
GROUP_EQUAL,GEO_0.0001,arxiv,17523,0.97292009912032085,4.4637242145214726,2244,362,3,0.020658563031444387,0,0.91475409836065569
GROUP_EQUAL,GEO_0.0001,book,171,0.77450500395996813,14.233439348859481,88,45,21,0.26315789473684209,0,0.54545454545454541
GROUP_EQUAL,GEO_0.0001,c4,10000,0.98330773054107756,3.7416960000000001,549,61,8,0.0061000000000000004,0,0.8761726078799249
GROUP_EQUAL,GEO_0.0001,commoncrawl,9640,0.98816377228722629,3.11436399166681,353,27,1,0.0028008298755186722,0,0.91459781529294937
GROUP_EQUAL,GEO_0.0001,github,203752,0.92348359635149579,8.1847633289357766,62500,17222,5129,0.084524323687620251,0,0.73766577118246557
GROUP_EQUAL,GEO_0.0001,stackexchange,10000,0.98563137899231379,3.4473180000000001,473,51,5,0.0051000000000000004,0,0.89753320683111959
GROUP_EQUAL,GEO_0.0001,wikipedia,10000,0.98649541274495456,3.1941860000000002,482,38,2,0.0038,0,0.94552529182879375
GROUP_EQUAL,GEO_0.01,ALL,261086,0.93386061219764271,7.011105075040561,63043,14849,4605,0.056873980221076578,138,0.87423279853558733
GROUP_EQUAL,GEO_0.01,arxiv,17523,0.97449377774423174,4.3327785183767196,2133,324,2,0.018489984591679508,0,0.91475409836065569
GROUP_EQUAL,GEO_0.01,book,171,0.78845609235126124,13.932492048835538,88,43,22,0.25146198830409355,0,0.54545454545454541
GROUP_EQUAL,GEO_0.01,c4,10000,0.98402874772828708,3.6610800000000001,513,52,7,0.0051999999999999998,0,0.8761726078799249
GROUP_EQUAL,GEO_0.01,commoncrawl,9640,0.98860322754888963,3.0571658545823932,337,23,1,0.0023858921161825728,0,0.91459781529294937
GROUP_EQUAL,GEO_0.01,github,203752,0.92608199363225474,8.0398956390474794,61051,16519,4792,0.081074050806863251,0,0.74100657950952742
GROUP_EQUAL,GEO_0.01,stackexchange,10000,0.98607050366070492,3.3937180000000002,457,45,4,0.0044999999999999997,0,0.89753320683111959
GROUP_EQUAL,GEO_0.01,wikipedia,10000,0.98698493203784932,3.1356319999999998,467,33,2,0.0033,0,0.949317738791423
GROUP_CRITIC,TOPSIS_CRITIC,ALL,261086,0.97663756604647478,3.5914774978288619,13413,5187,3142,0.019867016998230468,0,0.8353015605229861
GROUP_CRITIC,TOPSIS_CRITIC,arxiv,17523,0.98897457497062968,3.1551986806920516,518,21,2,0.0011984249272384865,0,0.67575322812051652
GROUP_CRITIC,TOPSIS_CRITIC,book,171,0.97064823481412144,4.5347286344516258,14,5,2,0.029239766081871343,0,0.61904761904761907
GROUP_CRITIC,TOPSIS_CRITIC,c4,10000,0.98946565961465716,3.0727900000000004,267,1,0,0.0001,0,0.78253119429590012
GROUP_CRITIC,TOPSIS_CRITIC,commoncrawl,9640,0.98520374379301257,3.5608503641466229,554,20,0,0.0020746887966804979,0,0.74321880650994576
GROUP_CRITIC,TOPSIS_CRITIC,github,203752,0.98822409914068809,3.1334313147730297,7300,545,79,0.0026748203698614002,0,0.76590396949211303
GROUP_CRITIC,TOPSIS_CRITIC,stackexchange,10000,0.99335599599355962,2.4700160000000002,87,0,0,0,0,0.84501845018450183
GROUP_CRITIC,TOPSIS_CRITIC,wikipedia,10000,0.98481831994418367,3.503358,564,39,5,0.0038999999999999998,0,0.84162062615101285
GROUP_CRITIC,TOPSIS_GROUP,ALL,261086,0.99750358733247124,1.3925397250105107,111,0,0,0,0,0.90187937062937062
GROUP_CRITIC,TOPSIS_GROUP,arxiv,17523,0.99548075851234807,1.9788954850573623,67,0,0,0,0,0.80061664953751288
GROUP_CRITIC,TOPSIS_GROUP,book,171,0.99873041015671882,0.87548305461509524,0,0,0,0,0,0.78947368421052633
GROUP_CRITIC,TOPSIS_GROUP,c4,10000,0.99345454269454558,2.2995799999999997,108,0,0,0,0,0.81323662737987312
GROUP_CRITIC,TOPSIS_GROUP,commoncrawl,9640,0.99447903197776255,2.1098422892167834,68,0,0,0,0,0.82230623818525517
GROUP_CRITIC,TOPSIS_GROUP,github,203752,0.99704949664083342,1.4834888912791815,57,0,0,0,0,0.8571688998268161
GROUP_CRITIC,TOPSIS_GROUP,stackexchange,10000,0.99631929356719251,1.7412779999999999,35,0,0,0,0,0.86393289841565701
GROUP_CRITIC,TOPSIS_GROUP,wikipedia,10000,0.99607425864074284,1.8682860000000001,21,0,0,0,0,0.89035916824196593
GROUP_CRITIC,BPPGA20,ALL,261086,0.8460255790647796,11.464851439279315,108863,48574,17594,0.18604597718759336,1165,0.46844769403824521
GROUP_CRITIC,BPPGA20,arxiv,17523,0.68277557681347179,17.767557606819707,10747,6476,3591,0.36957142041887803,106,0.33080136726167869
GROUP_CRITIC,BPPGA20,book,171,0.7689634482924137,13.631544748811601,82,31,13,0.18128654970760233,3,0.21428571428571427
GROUP_CRITIC,BPPGA20,c4,10000,0.95552282114722831,6.3449360000000006,2154,335,35,0.033500000000000002,0,0.58478605388272586
GROUP_CRITIC,BPPGA20,commoncrawl,9640,0.94146934109324221,7.082029837640536,2391,543,119,0.05632780082987552,2,0.59999999999999998
GROUP_CRITIC,BPPGA20,github,203752,0.81465438326239581,13.313363715134331,103212,50567,20920,0.24817915897758058,448,0.49103549213318698
GROUP_CRITIC,BPPGA20,stackexchange,10000,0.94502849853028514,6.9728659999999989,2466,481,93,0.048099999999999997,1,0.69491525423728817
GROUP_CRITIC,BPPGA20,wikipedia,10000,0.91791644572716447,8.3620260000000002,3104,961,231,0.096100000000000005,4,0.70794192997438088
GROUP_CRITIC,GEO_0.001,ALL,261086,0.92680502042760959,7.5207545083764131,69216,18798,5747,0.071999264610128469,73,0.82516602586508214
GROUP_CRITIC,GEO_0.001,arxiv,17523,0.97370547532917628,4.4208394632099273,2129,339,6,0.019346002396849856,0,0.89713048186247968
GROUP_CRITIC,GEO_0.001,book,171,0.75907072743418047,14.855853082999896,94,46,24,0.26900584795321636,0,0.54545454545454541
GROUP_CRITIC,GEO_0.001,c4,10000,0.97764448354444466,4.4482300000000006,956,85,9,0.0085000000000000006,0,0.79856115107913672
GROUP_CRITIC,GEO_0.001,commoncrawl,9640,0.98058885945419882,4.0417563402833983,792,63,6,0.0065352697095435687,0,0.85206532180595584
GROUP_CRITIC,GEO_0.001,github,203752,0.91367713469852996,8.6142132242963534,65606,20253,6586,0.099400251285876942,12,0.69954539767276969
GROUP_CRITIC,GEO_0.001,stackexchange,10000,0.98103864255038675,4.052854,729,67,10,0.0067000000000000002,0,0.85013876040703051
GROUP_CRITIC,GEO_0.001,wikipedia,10000,0.98112430978324339,3.9055440000000003,835,67,4,0.0067000000000000002,0,0.91570881226053635
GROUP_CRITIC,BPPGA15,ALL,261086,0.84695505774635282,11.417128078642625,108230,48080,17505,0.18415388033061902,1160,0.46960486322188449
GROUP_CRITIC,BPPGA15,arxiv,17523,0.68244715327737482,17.77767694910975,10749,6477,3593,0.36962848827255607,106,0.33029612756264237
GROUP_CRITIC,BPPGA15,book,171,0.76982024143806838,13.590506480626519,84,30,14,0.17543859649122806,3,0.21428571428571427
GROUP_CRITIC,BPPGA15,c4,10000,0.95663041481030442,6.2780659999999999,2096,322,34,0.032199999999999999,0,0.58478605388272586
GROUP_CRITIC,BPPGA15,commoncrawl,9640,0.94471441161242886,6.880681720356054,2295,495,109,0.051348547717842322,2,0.60800667222685567
GROUP_CRITIC,BPPGA15,github,203752,0.81535812001475716,13.279229841082469,102999,50293,20849,0.24683438690172366,438,0.49700598802395207
GROUP_CRITIC,BPPGA15,stackexchange,10000,0.94692886641728891,6.852252,2394,455,85,0.045499999999999999,1,0.6992353440951572
GROUP_CRITIC,BPPGA15,wikipedia,10000,0.92279853213598573,8.0834039999999998,2980,882,195,0.088200000000000001,4,0.72413793103448276
GROUP_CRITIC,BPPGA25,ALL,261086,0.84589307013759674,11.470064705782791,108904,48629,17641,0.18625663574454393,1165,0.46853028854266271
GROUP_CRITIC,BPPGA25,arxiv,17523,0.68292470910507008,17.763004684406773,10743,6472,3589,0.36934314900416593,106,0.33080136726167869
GROUP_CRITIC,BPPGA25,book,171,0.76882184942520448,13.645224171539962,82,31,13,0.18128654970760233,3,0.21428571428571427
GROUP_CRITIC,BPPGA25,c4,10000,0.95546959971869605,6.3486320000000003,2157,338,35,0.033799999999999997,0,0.58353127474267619
GROUP_CRITIC,BPPGA25,commoncrawl,9640,0.94141013403283336,7.0860371722249971,2393,544,118,0.056431535269709544,2,0.59999999999999998
GROUP_CRITIC,BPPGA25,github,203752,0.81443634353520034,13.320961299878968,103247,50633,20977,0.24850308217833444,447,0.49070822358794264
GROUP_CRITIC,BPPGA25,stackexchange,10000,0.94489609315696121,6.9817140000000002,2470,480,93,0.048000000000000001,1,0.69491525423728817
GROUP_CRITIC,BPPGA25,wikipedia,10000,0.91783413374234157,8.3661499999999993,3105,962,234,0.096199999999999994,5,0.70794192997438088
GROUP_CRITIC,GEO_0.0001,ALL,261086,0.92653657492646535,7.533882673748387,69369,18874,5782,0.072290356434278363,73,0.82503844540752136
GROUP_CRITIC,GEO_0.0001,arxiv,17523,0.97354207742160781,4.4340865785224146,2141,340,6,0.019403070250527878,0,0.89713048186247968
GROUP_CRITIC,GEO_0.0001,book,171,0.75878032975736176,14.862692794364076,93,46,24,0.26900584795321636,0,0.54545454545454541
GROUP_CRITIC,GEO_0.0001,c4,10000,0.97756709862767099,4.4556480000000001,957,85,9,0.0085000000000000006,0,0.79856115107913672
GROUP_CRITIC,GEO_0.0001,commoncrawl,9640,0.98053943766230112,4.0468203887674115,794,63,6,0.0065352697095435687,0,0.85206532180595584
GROUP_CRITIC,GEO_0.0001,github,203752,0.91342826863868332,8.6271069393253441,65714,20322,6612,0.099738898268483256,12,0.69912021014885539
GROUP_CRITIC,GEO_0.0001,stackexchange,10000,0.98099516968195188,4.0574399999999997,731,67,10,0.0067000000000000002,0,0.85013876040703051
GROUP_CRITIC,GEO_0.0001,wikipedia,10000,0.98108053254680572,3.9098379999999997,838,67,4,0.0067000000000000002,0,0.9138755980861244
GROUP_CRITIC,GEO_0.01,ALL,261086,0.92950879870041958,7.3935230997564458,67758,18127,5384,0.069429230215331345,66,0.82669838382424965
GROUP_CRITIC,GEO_0.01,arxiv,17523,0.97508599378037986,4.3035877070951551,2030,307,5,0.017519831079153114,0,0.89713048186247968
GROUP_CRITIC,GEO_0.01,book,171,0.77282261741906078,14.554905782975958,94,45,23,0.26315789473684209,0,0.54545454545454541
GROUP_CRITIC,GEO_0.01,c4,10000,0.97834560035145568,4.3791139999999995,923,80,8,0.0080000000000000002,0,0.79856115107913672
GROUP_CRITIC,GEO_0.01,commoncrawl,9640,0.98106747616405066,3.9932206745751624,763,58,6,0.0060165975103734443,0,0.85206532180595584
GROUP_CRITIC,GEO_0.01,github,203752,0.91611900026810433,8.4869848782777222,64395,19661,6277,0.09649475833366053,11,0.70231431197259586
GROUP_CRITIC,GEO_0.01,stackexchange,10000,0.98145882553058839,4.0080580000000001,714,65,8,0.0064999999999999997,0,0.85013876040703051
GROUP_CRITIC,GEO_0.01,wikipedia,10000,0.98156593492765953,3.8616660000000005,814,58,4,0.0057999999999999996,0,0.91754554170661551
TOPSIS_CRITIC,TOPSIS_GROUP,ALL,261086,0.97654767336619441,3.3674847810116324,10399,5873,3883,0.022494503726741381,0,0.83369034659549812
TOPSIS_CRITIC,TOPSIS_GROUP,arxiv,17523,0.9862969186417051,3.5200786109277322,816,25,0,0.0014266963419505793,0,0.71933267909715404
TOPSIS_CRITIC,TOPSIS_GROUP,book,171,0.9668130654954763,4.7194008412844974,16,5,2,0.029239766081871343,0,0.54545454545454541
TOPSIS_CRITIC,TOPSIS_GROUP,c4,10000,0.99525448349254519,2.055612,31,0,0,0,0,0.87969924812030076
TOPSIS_CRITIC,TOPSIS_GROUP,commoncrawl,9640,0.9851648283214185,3.6569101771663712,573,10,0,0.001037344398340249,0,0.77695852534562215
TOPSIS_CRITIC,TOPSIS_GROUP,github,203752,0.99210852413399775,2.5163981801448023,3855,357,68,0.0017521300404413208,0,0.8414749875728682
TOPSIS_CRITIC,TOPSIS_GROUP,stackexchange,10000,0.99382694293426932,2.3801700000000001,56,0,0,0,0,0.86219739292364994
TOPSIS_CRITIC,TOPSIS_GROUP,wikipedia,10000,0.99098430976584306,2.6803899999999996,229,15,5,0.0015,0,0.87969924812030076
TOPSIS_CRITIC,BPPGA20,ALL,261086,0.91900068809317503,8.7001635869972933,87821,25488,3625,0.09762300544648124,51,0.53230823405129413
TOPSIS_CRITIC,BPPGA20,arxiv,17523,0.71198089752909277,16.901477126633992,10441,6160,3272,0.35153797865662273,62,0.36661466458658348
TOPSIS_CRITIC,BPPGA20,book,171,0.86242590059279534,10.868301357682705,59,24,9,0.14035087719298245,1,0.30769230769230771
TOPSIS_CRITIC,BPPGA20,c4,10000,0.94992488435524836,6.8059740000000009,2431,443,32,0.044299999999999999,0,0.54083204930662554
TOPSIS_CRITIC,BPPGA20,commoncrawl,9640,0.95407766106998171,6.4214351509099359,2150,339,40,0.03516597510373444,0,0.57903357903357899
TOPSIS_CRITIC,BPPGA20,github,203752,0.87144619796727241,11.034329434209765,89532,36617,9731,0.17971357336369703,140,0.6280463443867359
TOPSIS_CRITIC,BPPGA20,stackexchange,10000,0.95447640384476395,6.4704299999999995,2253,320,47,0.032000000000000001,0,0.69061707523245985
TOPSIS_CRITIC,BPPGA20,wikipedia,10000,0.95549130183891318,6.4482239999999997,2246,283,30,0.028299999999999999,0,0.71821305841924399
TOPSIS_CRITIC,GEO_0.001,ALL,261086,0.90643009412070918,7.3752878940155426,59104,12431,6358,0.047612664026412753,2025,0.83015561474835275
TOPSIS_CRITIC,GEO_0.001,arxiv,17523,0.95797433884972916,6.3463660997942819,3653,497,6,0.028362723277977515,0,0.65830572645527685
TOPSIS_CRITIC,GEO_0.001,book,171,0.68000095999231991,17.721692144591497,103,59,35,0.34502923976608185,0,0.47826086956521741
TOPSIS_CRITIC,GEO_0.001,c4,10000,0.98113514244735134,4.2373440000000002,808,19,0,0.0019,0,0.74216027874564461
TOPSIS_CRITIC,GEO_0.001,commoncrawl,9640,0.96878786414117024,5.4247236617826822,1581,99,3,0.010269709543568465,0,0.70167696381288613
TOPSIS_CRITIC,GEO_0.001,github,203752,0.94080037315324516,7.0655639432330668,51222,11093,3400,0.054443637363068828,7,0.80950266429840145
TOPSIS_CRITIC,GEO_0.001,stackexchange,10000,0.97612329706123302,4.7740300000000007,1147,47,2,0.0047000000000000002,0,0.76834659593280286
TOPSIS_CRITIC,GEO_0.001,wikipedia,10000,0.98221937139019355,3.9010400000000001,793,34,3,0.0033999999999999998,0,0.84501845018450183
TOPSIS_CRITIC,BPPGA15,ALL,261086,0.91949805930491924,8.6679069334581627,87357,25323,3557,0.096991029775629484,48,0.5334782097967814
TOPSIS_CRITIC,BPPGA15,arxiv,17523,0.71098100686269095,16.931348596559548,10463,6160,3288,0.35153797865662273,63,0.36236391912908245
TOPSIS_CRITIC,BPPGA15,book,171,0.86182350541195663,10.895660203139427,58,23,9,0.13450292397660818,1,0.30769230769230771
TOPSIS_CRITIC,BPPGA15,c4,10000,0.95091617016516161,6.7562119999999997,2410,419,24,0.0419,0,0.54083204930662554
TOPSIS_CRITIC,BPPGA15,commoncrawl,9640,0.95579081167951008,6.3088187186859734,2076,308,35,0.031950207468879666,0,0.58032786885245902
TOPSIS_CRITIC,BPPGA15,github,203752,0.8718361277293728,11.007047248446579,89233,36507,9757,0.17917370136244062,139,0.63418350978504978
TOPSIS_CRITIC,BPPGA15,stackexchange,10000,0.95622089625420903,6.3479980000000005,2183,285,43,0.028500000000000001,0,0.69348010160880613
TOPSIS_CRITIC,BPPGA15,wikipedia,10000,0.95844861639248602,6.20845,2109,250,29,0.025000000000000001,0,0.72860847018150388
TOPSIS_CRITIC,BPPGA25,ALL,261086,0.91888853453009078,8.705620696832213,87878,25561,3640,0.097902606803888376,51,0.53235320010564313
TOPSIS_CRITIC,BPPGA25,arxiv,17523,0.71210610070072067,16.897450493392679,10442,6158,3269,0.35142384294926665,62,0.36661466458658348
TOPSIS_CRITIC,BPPGA25,book,171,0.86232030143758853,10.875141069046885,59,24,9,0.14035087719298245,1,0.30769230769230771
TOPSIS_CRITIC,BPPGA25,c4,10000,0.94986183553861891,6.8103020000000001,2435,444,32,0.044400000000000002,0,0.53964588144726711
TOPSIS_CRITIC,BPPGA25,commoncrawl,9640,0.95402295128363812,6.4252660078166706,2147,341,41,0.035373443983402489,0,0.57903357903357899
TOPSIS_CRITIC,BPPGA25,github,203752,0.87125334013350697,11.042010767244394,89559,36659,9777,0.17991970630963131,139,0.62765617510784466
TOPSIS_CRITIC,BPPGA25,stackexchange,10000,0.95433707558737091,6.4808859999999999,2257,323,47,0.032300000000000002,0,0.69061707523245985
TOPSIS_CRITIC,BPPGA25,wikipedia,10000,0.95542805847828061,6.4524879999999998,2246,283,30,0.028299999999999999,0,0.71821305841924399
TOPSIS_CRITIC,GEO_0.0001,ALL,261086,0.90611695511509682,7.3877760238215382,59253,12470,6369,0.04776204009406862,2029,0.83002733580991095
TOPSIS_CRITIC,GEO_0.0001,arxiv,17523,0.95780808429782971,6.358843321788874,3667,500,7,0.028533926839011584,0,0.65830572645527685
TOPSIS_CRITIC,GEO_0.0001,book,171,0.67967456260349912,17.728531855955676,103,59,35,0.34502923976608185,0,0.47826086956521741
TOPSIS_CRITIC,GEO_0.0001,c4,10000,0.98108018275880227,4.2434379999999994,811,20,0,0.002,0,0.74216027874564461
TOPSIS_CRITIC,GEO_0.0001,commoncrawl,9640,0.96874034392261399,5.4287697353695705,1584,100,3,0.010373443983402489,0,0.70167696381288613
TOPSIS_CRITIC,GEO_0.0001,github,203752,0.94059675682941402,7.0781019351842618,51375,11145,3435,0.054698849581844594,7,0.80926164365315456
TOPSIS_CRITIC,GEO_0.0001,stackexchange,10000,0.97608231758882325,4.7781939999999992,1147,48,2,0.0047999999999999996,0,0.76834659593280286
TOPSIS_CRITIC,GEO_0.0001,wikipedia,10000,0.98218380866983801,3.9047680000000002,795,35,3,0.0035000000000000001,0,0.84331797235023043
TOPSIS_CRITIC,GEO_0.01,ALL,261086,0.90961283143688065,7.2521522048458236,57514,12087,6206,0.046295090506576375,1976,0.83131093497930841
TOPSIS_CRITIC,GEO_0.01,arxiv,17523,0.95940937234183254,6.2377134397732998,3546,458,5,0.026137076984534612,0,0.65830572645527685
TOPSIS_CRITIC,GEO_0.01,book,171,0.69383204934360543,17.400225710475016,104,60,35,0.35087719298245612,0,0.47826086956521741
TOPSIS_CRITIC,GEO_0.01,c4,10000,0.98163197022031967,4.1817000000000002,777,15,0,0.0015,0,0.74216027874564461
TOPSIS_CRITIC,GEO_0.01,commoncrawl,9640,0.96924574937627461,5.3860578330262907,1553,95,2,0.0098547717842323648,0,0.70167696381288613
TOPSIS_CRITIC,GEO_0.01,github,203752,0.94279111364696921,6.9421311377404757,49832,10647,3171,0.052254701794338214,7,0.81159420289855078
TOPSIS_CRITIC,GEO_0.01,stackexchange,10000,0.97651754009717551,4.7343240000000009,1120,43,2,0.0043,0,0.76834659593280286
TOPSIS_CRITIC,GEO_0.01,wikipedia,10000,0.98257055363770529,3.8642860000000008,771,33,1,0.0033,0,0.84672206832871655
TOPSIS_GROUP,BPPGA20,ALL,261086,0.85789099454620377,10.982081745171374,106233,41498,11863,0.15894379629700559,1242,0.45304282494365139
TOPSIS_GROUP,BPPGA20,arxiv,17523,0.63216132024334903,19.264337037878249,11211,7145,4180,0.40774981452947556,155,0.2896577107103423
TOPSIS_GROUP,BPPGA20,book,171,0.75492596059231543,14.041927430662424,88,32,16,0.1871345029239766,3,0.17241379310344829
TOPSIS_GROUP,BPPGA20,c4,10000,0.94889836302898345,6.7637140000000002,2409,458,47,0.0458,1,0.54202004626060141
TOPSIS_GROUP,BPPGA20,commoncrawl,9640,0.92923748304906251,7.9018741068507774,2865,707,151,0.073340248962655605,2,0.53381066030230706
TOPSIS_GROUP,BPPGA20,github,203752,0.84276460541603715,12.290032390215773,98678,44246,13172,0.21715615061447249,433,0.54233374966882408
TOPSIS_GROUP,BPPGA20,stackexchange,10000,0.94857359002173625,6.8268520000000006,2439,389,71,0.038899999999999997,1,0.65975103734439833
TOPSIS_GROUP,BPPGA20,wikipedia,10000,0.92879770809597773,7.9506679999999994,3013,735,133,0.073499999999999996,4,0.68067226890756305
TOPSIS_GROUP,GEO_0.001,ALL,261086,0.94506985232194152,6.4948248951876852,57570,12992,3130,0.0497613813073087,7,0.83176062019854768
TOPSIS_GROUP,GEO_0.001,arxiv,17523,0.98150871325876132,3.7066311872208622,1305,221,0,0.01261199566284312,0,0.80061664953751288
TOPSIS_GROUP,GEO_0.001,book,171,0.76965224278205779,14.513867514790876,93,46,23,0.26900584795321636,0,0.61904761904761907
TOPSIS_GROUP,GEO_0.001,c4,10000,0.98703750898237541,3.55904,372,4,0,0.00040000000000000002,0,0.7667844522968198
TOPSIS_GROUP,GEO_0.001,commoncrawl,9640,0.98562828534229463,3.6655726485425526,524,4,0,0.00041493775933609957,0,0.78849721706864562
TOPSIS_GROUP,GEO_0.001,github,203752,0.93575100387413646,7.433100718417573,56068,14957,2771,0.073407868389021955,0,0.79262713355622028
TOPSIS_GROUP,GEO_0.001,stackexchange,10000,0.98497469330174714,3.7958760000000002,552,7,1,0.00069999999999999999,0,0.80018001800180016
TOPSIS_GROUP,GEO_0.001,wikipedia,10000,0.98788099493080983,3.294394,397,7,0,0.00069999999999999999,0,0.87441424554826619
TOPSIS_GROUP,BPPGA15,ALL,261086,0.8588960908959703,10.927124550544823,105443,41127,11691,0.15752280857648437,1237,0.4544593615954543
TOPSIS_GROUP,BPPGA15,arxiv,17523,0.63157827938866717,19.281040856945452,11225,7148,4181,0.40792101809050962,153,0.28823529411764703
TOPSIS_GROUP,BPPGA15,book,171,0.7558067535459716,14.007728873841524,89,31,15,0.18128654970760233,3,0.17241379310344829
TOPSIS_GROUP,BPPGA15,c4,10000,0.95060977956209791,6.6624880000000006,2366,435,42,0.043499999999999997,1,0.54320987654320985
TOPSIS_GROUP,BPPGA15,commoncrawl,9640,0.93338837668767372,7.6491580723472392,2751,642,134,0.066597510373443983,2,0.54363490792634106
TOPSIS_GROUP,BPPGA15,github,203752,0.84354176187605978,12.248511357187695,98303,44025,13155,0.21607149868467548,425,0.55043183807023555
TOPSIS_GROUP,BPPGA15,stackexchange,10000,0.9507352018113524,6.687126000000001,2360,359,62,0.035900000000000001,1,0.66389351081530779
TOPSIS_GROUP,BPPGA15,wikipedia,10000,0.93355436668754355,7.6527539999999989,2858,649,115,0.064899999999999999,4,0.69491525423728817
TOPSIS_GROUP,BPPGA25,ALL,261086,0.85776985211277545,10.987385053764131,106278,41559,11882,0.15917743578744167,1242,0.45308325912733749
TOPSIS_GROUP,BPPGA25,arxiv,17523,0.63230970390293662,19.260101973281845,11213,7142,4177,0.4075786109684415,155,0.2896577107103423
TOPSIS_GROUP,BPPGA25,book,171,0.75476756185950511,14.048767142026604,88,32,16,0.1871345029239766,3,0.17241379310344829
TOPSIS_GROUP,BPPGA25,c4,10000,0.94882273442022758,6.768866,2414,460,48,0.045999999999999999,1,0.54083204930662554
TOPSIS_GROUP,BPPGA25,commoncrawl,9640,0.92915390620891414,7.9071964153509757,2870,709,151,0.073547717842323654,2,0.53381066030230706
TOPSIS_GROUP,BPPGA25,github,203752,0.84256480013562352,12.297907061168814,98706,44295,13213,0.21739663905139581,432,0.54198357740189962
TOPSIS_GROUP,BPPGA25,stackexchange,10000,0.94844941378049419,6.8357359999999998,2448,390,72,0.039,1,0.65975103734439833
TOPSIS_GROUP,BPPGA25,wikipedia,10000,0.92871646753116499,7.9554399999999994,3015,737,134,0.073700000000000002,5,0.68067226890756305
TOPSIS_GROUP,GEO_0.0001,ALL,261086,0.94483819786479106,6.5075052589422731,57726,13064,3155,0.050037152509134923,7,0.83163211617383981
TOPSIS_GROUP,GEO_0.0001,arxiv,17523,0.98137190222742987,3.7191155740432866,1320,222,0,0.012669063516521143,0,0.80061664953751288
TOPSIS_GROUP,GEO_0.0001,book,171,0.76937144502843979,14.520707226155059,92,45,23,0.26315789473684209,0,0.61904761904761907
TOPSIS_GROUP,GEO_0.0001,c4,10000,0.98698781874587815,3.5654740000000005,374,5,0,0.00050000000000000001,0,0.7667844522968198
TOPSIS_GROUP,GEO_0.0001,commoncrawl,9640,0.98559501772797808,3.6697112653019062,527,4,0,0.00041493775933609957,0,0.78849721706864562
TOPSIS_GROUP,GEO_0.0001,github,203752,0.93553705732103054,7.4458179135953539,56193,15026,2795,0.073746515371628255,0,0.79223292430839598
TOPSIS_GROUP,GEO_0.0001,stackexchange,10000,0.98494250009742512,3.7998919999999998,554,7,1,0.00069999999999999999,0,0.80018001800180016
TOPSIS_GROUP,GEO_0.0001,wikipedia,10000,0.98784954717849538,3.2981399999999996,400,7,0,0.00069999999999999999,0,0.87441424554826619
TOPSIS_GROUP,GEO_0.01,ALL,261086,0.94739677469045058,6.3722634814305552,56133,12304,2844,0.047126234267635951,6,0.83304665285919899
TOPSIS_GROUP,GEO_0.01,arxiv,17523,0.9826587577859931,3.5987217152504041,1204,204,0,0.011641842150316727,0,0.80061664953751288
TOPSIS_GROUP,GEO_0.01,book,171,0.782871337029304,14.212920214766937,91,45,23,0.26315789473684209,0,0.61904761904761907
TOPSIS_GROUP,GEO_0.01,c4,10000,0.98748043941480446,3.4997520000000004,343,4,0,0.00040000000000000002,0,0.7667844522968198
TOPSIS_GROUP,GEO_0.01,commoncrawl,9640,0.98594854077257654,3.6259340403918667,501,4,0,0.00041493775933609957,0,0.78849721706864562
TOPSIS_GROUP,GEO_0.01,github,203752,0.93784680095253292,7.3076515080833211,54832,14263,2471,0.070001766853822298,0,0.79547056750088119
TOPSIS_GROUP,GEO_0.01,stackexchange,10000,0.98528349625283496,3.7567979999999994,523,6,1,0.00059999999999999995,0,0.80018001800180016
TOPSIS_GROUP,GEO_0.01,wikipedia,10000,0.98819607479396099,3.2561579999999997,381,7,0,0.00069999999999999999,0,0.8761726078799249
BPPGA20,GEO_0.001,ALL,261086,0.85759350639571807,8.5900704602800282,65170,14890,8522,0.057031016599894291,4780,0.51089378200862245
BPPGA20,GEO_0.001,arxiv,17523,0.56845064195533057,21.197756709341,11959,7937,4753,0.45294755464246989,473,0.31137724550898205
BPPGA20,GEO_0.001,book,171,0.36138910888712872,26.004582606613997,127,89,61,0.52046783625730997,7,0.0625
BPPGA20,GEO_0.001,c4,10000,0.95779744813397383,6.0965759999999998,2038,307,36,0.030700000000000002,0,0.64338537387017258
BPPGA20,GEO_0.001,commoncrawl,9640,0.93592426208709345,7.5987112825192415,2800,623,100,0.064626556016597517,1,0.6106934001670844
BPPGA20,GEO_0.001,github,203752,0.93792994272614005,7.1399756381658639,49326,9927,3176,0.048720994149750681,185,0.62214879980892479
BPPGA20,GEO_0.001,stackexchange,10000,0.9629811336298113,5.593954000000001,1691,224,50,0.0224,1,0.70068027210884354
BPPGA20,GEO_0.001,wikipedia,10000,0.94377974420979749,7.1221199999999998,2577,522,72,0.052200000000000003,2,0.73913043478260865
BPPGA20,BPPGA15,ALL,261086,0.99988085208072108,0.29502158965396252,0,0,0,0,0,0.99183704607873058
BPPGA20,BPPGA15,arxiv,17523,0.99996370722917471,0.17654852259638032,0,0,0,0,0,0.98414496036240096
BPPGA20,BPPGA15,book,171,0.99952960376316968,0.56769604322697576,0,0,0,0,0,1
BPPGA20,BPPGA15,c4,10000,0.99988093945480949,0.31092199999999992,0,0,0,0,0,0.98609731876861961
BPPGA20,BPPGA15,commoncrawl,9640,0.99975356109666669,0.46720313011139608,0,0,0,0,0,0.96534148827726807
BPPGA20,BPPGA15,github,203752,0.99983404509920282,0.36540792872478944,0,0,0,0,0,0.96897951294936224
BPPGA20,BPPGA15,stackexchange,10000,0.99991006250710124,0.26686199999999999,0,0,0,0,0,0.98609731876861961
BPPGA20,BPPGA15,wikipedia,10000,0.99974697696146997,0.46547799999999995,0,0,0,0,0,0.97628458498023718
BPPGA20,BPPGA25,ALL,261086,0.99999971849566138,0.014459200402743257,0,0,0,0,0,0.99977022058823528
BPPGA20,BPPGA25,arxiv,17523,0.99999978857117189,0.013098607971980229,0,0,0,0,0,1
BPPGA20,BPPGA25,book,171,0.99999040007679918,0.027358845456721726,0,0,0,0,0,1
BPPGA20,BPPGA25,c4,10000,0.99999978413199775,0.012714000000000015,0,0,0,0,0,0.99800199800199796
BPPGA20,BPPGA25,commoncrawl,9640,0.9999997552825578,0.013360651503934196,0,0,0,0,0,1
BPPGA20,BPPGA25,github,203752,0.99999949571317803,0.020272106064119104,0,0,0,0,0,0.99921503213462204
BPPGA20,BPPGA25,stackexchange,10000,0.99999947600799488,0.019887999999999982,0,0,0,0,0,1
BPPGA20,BPPGA25,wikipedia,10000,0.9999997443399975,0.013832000000000056,0,0,0,0,0,1
BPPGA20,GEO_0.0001,ALL,261086,0.85737947979108653,8.5911004444894683,65120,14878,8525,0.05698505473292325,4785,0.51085006654707488
BPPGA20,GEO_0.0001,arxiv,17523,0.56804382301412037,21.208376938231261,11964,7944,4753,0.45334702961821605,473,0.31137724550898205
BPPGA20,GEO_0.0001,book,171,0.36086591307269528,26.011422317978184,127,89,60,0.52046783625730997,7,0.0625
BPPGA20,GEO_0.0001,c4,10000,0.95774763066147572,6.1013140000000003,2039,307,36,0.030700000000000002,0,0.64338537387017258
BPPGA20,GEO_0.0001,commoncrawl,9640,0.93588484453551857,7.6014445343571904,2799,623,100,0.064626556016597517,1,0.6106934001670844
BPPGA20,GEO_0.0001,github,203752,0.93799273073985845,7.1357391183788765,49280,9913,3173,0.048652283167772585,185,0.6222133757961783
BPPGA20,GEO_0.0001,stackexchange,10000,0.96298843662588451,5.5934179999999989,1691,224,50,0.0224,1,0.70068027210884354
BPPGA20,GEO_0.0001,wikipedia,10000,0.94377526870175288,7.1222619999999992,2579,522,72,0.052200000000000003,2,0.73913043478260865
BPPGA20,GEO_0.01,ALL,261086,0.85982990205784859,8.5764946546616834,65625,14966,8495,0.057322108424044185,4718,0.51093750000000004
BPPGA20,GEO_0.01,arxiv,17523,0.571965014472956,21.09765755105488,11912,7912,4725,0.4515208583005193,468,0.31137724550898205
BPPGA20,GEO_0.01,book,171,0.37622579019367841,25.710475017954241,124,88,62,0.51461988304093564,7,0.0625
BPPGA20,GEO_0.01,c4,10000,0.95823838933838335,6.0575739999999989,2025,303,31,0.030300000000000001,0,0.64338537387017258
BPPGA20,GEO_0.01,commoncrawl,9640,0.93631088213097347,7.5725947383826044,2783,620,100,0.064315352697095429,1,0.6106934001670844
BPPGA20,GEO_0.01,github,203752,0.93727339716121116,7.1842137453317338,50030,10095,3204,0.049545525933487766,184,0.62111628277041808
BPPGA20,GEO_0.01,stackexchange,10000,0.96290999111309983,5.5985800000000001,1698,228,51,0.022800000000000001,1,0.70068027210884354
BPPGA20,GEO_0.01,wikipedia,10000,0.94381418844614184,7.1206639999999997,2576,520,71,0.051999999999999998,2,0.73913043478260865
GEO_0.001,BPPGA15,ALL,261086,0.85997238877474591,8.4361635347797463,62668,14194,8301,0.054365228315574179,4774,0.51295126615286546
GEO_0.001,BPPGA15,arxiv,17523,0.56801915879759846,21.209071275182929,11964,7938,4760,0.45300462249614792,475,0.31088664421997753
GEO_0.001,BPPGA15,book,171,0.36041711666306658,26.031941452070722,126,93,62,0.54385964912280704,7,0.0625
GEO_0.001,BPPGA15,c4,10000,0.96026532305065326,5.9185079999999992,1943,265,29,0.026499999999999999,0,0.64744645799011535
GEO_0.001,BPPGA15,commoncrawl,9640,0.94119570088643556,7.2644496479055114,2622,559,84,0.057987551867219919,1,0.62153069806560135
GEO_0.001,BPPGA15,github,203752,0.94064203274299907,6.9638865433757937,47528,9238,2927,0.04533943225097177,169,0.63648046263202285
GEO_0.001,BPPGA15,stackexchange,10000,0.9652871986128726,5.4107760000000003,1587,199,40,0.019900000000000001,1,0.70648464163822522
GEO_0.001,BPPGA15,wikipedia,10000,0.94905791443057896,6.7568839999999994,2389,427,49,0.042700000000000002,2,0.75592625109745393
GEO_0.001,BPPGA25,ALL,261086,0.85752159198806699,8.5948619704470524,65261,14909,8526,0.057103789555931761,4781,0.51093750000000004
GEO_0.001,BPPGA25,arxiv,17523,0.56862288022852925,21.193196622100238,11961,7939,4750,0.45306169034982596,473,0.31137724550898205
GEO_0.001,BPPGA25,book,171,0.36130750953992363,26.01142231797818,127,89,61,0.52046783625730997,7,0.0625
GEO_0.001,BPPGA25,c4,10000,0.95770482342104779,6.1031279999999999,2041,308,36,0.030800000000000001,0,0.64338537387017258
GEO_0.001,BPPGA25,commoncrawl,9640,0.93582773907940897,7.6048363492364119,2799,625,101,0.064834024896265566,1,0.6106934001670844
GEO_0.001,BPPGA25,github,203752,0.93780586804946697,7.1477128258757139,49449,9958,3182,0.04887313989555931,184,0.62182599697524477
GEO_0.001,BPPGA25,stackexchange,10000,0.96293103414531067,5.5973040000000003,1698,224,50,0.0224,1,0.70068027210884354
GEO_0.001,BPPGA25,wikipedia,10000,0.9437271622252722,7.1256779999999997,2586,521,72,0.0521,2,0.73913043478260865
GEO_0.001,GEO_0.0001,ALL,261086,0.99999892111946709,0.01458888694804421,0,0,0,0,0,0.99984680785875679
GEO_0.001,GEO_0.0001,arxiv,17523,0.99997153692486351,0.015264340021052057,4,0,0,0,0,1
GEO_0.001,GEO_0.0001,book,171,0.99999040007679907,0.027358845456721757,0,0,0,0,0,1
GEO_0.001,GEO_0.0001,c4,10000,0.99999963947199633,0.010515999999999998,0,0,0,0,0,1
GEO_0.001,GEO_0.0001,commoncrawl,9640,0.99999991697636936,0.0067190647543947778,0,0,0,0,0,1
GEO_0.001,GEO_0.0001,github,203752,0.99999977180753918,0.013918504274626027,0,0,0,0,0,0.99941121632893382
GEO_0.001,GEO_0.0001,stackexchange,10000,0.9999999275439988,0.0063040000000000066,0,0,0,0,0,1
GEO_0.001,GEO_0.0001,wikipedia,10000,0.99999991046799919,0.0068360000000000053,0,0,0,0,0,0.99800199800199796
GEO_0.001,GEO_0.01,ALL,261086,0.9999565526804709,0.1441734780451924,0,0,0,0,0,0.9980867835004209
GEO_0.001,GEO_0.01,arxiv,17523,0.99971433850188351,0.12746033307871166,25,0,0,0,0,1
GEO_0.001,GEO_0.01,book,171,0.99894880840953282,0.59505488868369738,0,0,0,0,0,1
GEO_0.001,GEO_0.01,c4,10000,0.99999006469590046,0.079189999999999983,0,0,0,0,0,1
GEO_0.001,GEO_0.01,commoncrawl,9640,0.99999598981665383,0.055222447960606741,0,0,0,0,0,1
GEO_0.001,GEO_0.01,github,203752,0.99997902630877444,0.13581271917415028,0,0,0,0,0,0.99617909277946504
GEO_0.001,GEO_0.01,stackexchange,10000,0.99999659579196576,0.051995999999999924,0,0,0,0,0,1
GEO_0.001,GEO_0.01,wikipedia,10000,0.99999535563995334,0.05769399999999994,0,0,0,0,0,0.99800199800199796
BPPGA15,BPPGA25,ALL,261086,0.99987654460939135,0.30102724942853343,0,0,0,0,0,0.99168510183843162
BPPGA15,BPPGA25,arxiv,17523,0.99996499904370084,0.17290813870998559,0,0,0,0,0,0.98414496036240096
BPPGA15,BPPGA25,book,171,0.99951280389756858,0.57453575459115613,0,0,0,0,0,1
BPPGA15,BPPGA25,c4,10000,0.99987614587476159,0.31696399999999997,0,0,0,0,0,0.98807157057654071
BPPGA15,BPPGA25,commoncrawl,9640,0.99974532455776544,0.47484332225684817,0,0,0,0,0,0.96534148827726807
BPPGA15,BPPGA25,github,203752,0.99982638743439789,0.37431519817209485,0,0,0,0,0,0.96859903381642509
BPPGA15,BPPGA25,stackexchange,10000,0.99990537341105412,0.27399800000000002,0,0,0,0,0,0.98609731876861961
BPPGA15,BPPGA25,wikipedia,10000,0.99974496355344988,0.46843600000000007,0,0,0,0,0,0.97628458498023718
BPPGA15,GEO_0.0001,ALL,261086,0.85975986887649614,8.4370389108919781,62610,14184,8303,0.054326926759764985,4779,0.51290743155149932
BPPGA15,GEO_0.0001,arxiv,17523,0.5676115099090292,21.219722117428471,11967,7939,4764,0.45306169034982596,475,0.31088664421997753
BPPGA15,GEO_0.0001,book,171,0.35989152086783294,26.038781163434901,126,93,62,0.54385964912280704,7,0.0625
BPPGA15,GEO_0.0001,c4,10000,0.96021716849017202,5.923184,1947,265,29,0.026499999999999999,0,0.64744645799011535
BPPGA15,GEO_0.0001,commoncrawl,9640,0.94115867821430854,7.2671140304058124,2621,559,84,0.057987551867219919,1,0.62153069806560135
BPPGA15,GEO_0.0001,github,203752,0.94070696744218762,6.9593775477757926,47452,9227,2923,0.045285445050846126,169,0.63654618473895586
BPPGA15,GEO_0.0001,stackexchange,10000,0.96529449611294516,5.410178000000001,1585,198,40,0.019800000000000002,1,0.70648464163822522
BPPGA15,GEO_0.0001,wikipedia,10000,0.94905369053853728,6.757028,2388,428,49,0.042799999999999998,2,0.75592625109745393
BPPGA15,GEO_0.01,ALL,261086,0.86219422777203181,8.4238156833253051,63104,14253,8283,0.054591207494848443,4712,0.51299510329441078
BPPGA15,GEO_0.01,arxiv,17523,0.57153981939590415,21.108885487614849,11918,7901,4736,0.45089311191006104,470,0.31088664421997753
BPPGA15,GEO_0.01,book,171,0.37524899800801592,25.737833863410966,125,92,63,0.53801169590643272,7,0.0625
BPPGA15,GEO_0.01,c4,10000,0.96068947350689404,5.8798159999999999,1928,262,29,0.026200000000000001,0,0.64744645799011535
BPPGA15,GEO_0.01,commoncrawl,9640,0.94155883787456363,7.2385332552814168,2603,552,84,0.057261410788381741,1,0.62153069806560135
BPPGA15,GEO_0.01,github,203752,0.93996407436520135,7.0108926269132432,48209,9397,2968,0.04611979268915152,168,0.63542962635951361
BPPGA15,GEO_0.01,stackexchange,10000,0.96521632145216407,5.4158359999999997,1596,200,41,0.02,1,0.70648464163822522
BPPGA15,GEO_0.01,wikipedia,10000,0.94908912889089114,6.7555880000000004,2393,430,49,0.042999999999999997,2,0.75592625109745393
BPPGA25,GEO_0.0001,ALL,261086,0.85730768877538865,8.595884452371557,65196,14903,8528,0.057080808622446244,4786,0.51089378200862245
BPPGA25,GEO_0.0001,arxiv,17523,0.56821612945973454,21.203817502338477,11963,7946,4751,0.45346116532557212,473,0.31137724550898205
BPPGA25,GEO_0.0001,book,171,0.36078191374469004,26.018262029342363,127,89,60,0.52046783625730997,7,0.0625
BPPGA25,GEO_0.0001,c4,10000,0.95765494700454945,6.1078640000000002,2042,308,36,0.030800000000000001,0,0.64338537387017258
BPPGA25,GEO_0.0001,commoncrawl,9640,0.93578827297012857,7.6075674489075604,2798,625,101,0.064834024896265566,1,0.6106934001670844
BPPGA25,GEO_0.0001,github,203752,0.93786884958319505,7.1434625375306986,49398,9938,3181,0.048774981349876317,184,0.62189054726368154
BPPGA25,GEO_0.0001,stackexchange,10000,0.96293844694138475,5.5967580000000003,1698,224,50,0.0224,1,0.70068027210884354
BPPGA25,GEO_0.0001,wikipedia,10000,0.94372269878922777,7.1258119999999998,2584,522,72,0.052200000000000003,2,0.73913043478260865
BPPGA25,GEO_0.01,ALL,261086,0.85975674657155443,8.5813717178699118,65683,14986,8498,0.057398711535662582,4719,0.51098122052142714
BPPGA25,GEO_0.01,arxiv,17523,0.57213676423851034,21.09309616111814,11911,7912,4722,0.4515208583005193,468,0.31137724550898205
BPPGA25,GEO_0.01,book,171,0.37614659082727336,25.717314729318424,124,88,62,0.51461988304093564,7,0.0625
BPPGA25,GEO_0.01,c4,10000,0.95814630996546302,6.064131999999999,2026,305,31,0.030499999999999999,0,0.64338537387017258
BPPGA25,GEO_0.01,commoncrawl,9640,0.93621486100234175,7.5787327181005839,2780,622,100,0.064522821576763492,1,0.6106934001670844
BPPGA25,GEO_0.01,github,203752,0.9371474080507578,7.1920688088560967,50128,10120,3213,0.049668224115591506,183,0.62079389070081936
BPPGA25,GEO_0.01,stackexchange,10000,0.96285875378858765,5.6020820000000002,1704,228,50,0.022800000000000001,1,0.70068027210884354
BPPGA25,GEO_0.01,wikipedia,10000,0.94376147735361571,7.1242419999999997,2578,520,71,0.051999999999999998,2,0.73913043478260865
GEO_0.0001,GEO_0.01,ALL,261086,0.99994785501998895,0.15858455761289839,0,0,0,0,0,0.99793388429752061
GEO_0.0001,GEO_0.01,arxiv,17523,0.99965290675422691,0.14190658003100151,32,0,0,0,0,1
GEO_0.0001,GEO_0.01,book,171,0.99892720858233131,0.60873431141205825,0,0,0,0,0,1
GEO_0.0001,GEO_0.01,c4,10000,0.99998715697587137,0.087979999999999989,0,0,0,0,0,1
GEO_0.0001,GEO_0.01,commoncrawl,9640,0.99999516809971378,0.060673886468896918,0,0,0,0,0,1
GEO_0.0001,GEO_0.01,github,203752,0.99997455092106602,0.14958880703433713,0,0,0,0,0,0.9955925563173359
GEO_0.0001,GEO_0.01,stackexchange,10000,0.99999592400795922,0.056985999999999933,0,0,0,0,0,1
GEO_0.0001,GEO_0.01,wikipedia,10000,0.99999442466794464,0.063259999999999969,0,0,0,0,0,0.99600798403193613
